-3.521428320953509661e-02,1.018945212713467718e+00
5.266193946756662081e-01,-3.200200185353446053e-02
2.128698998138121579e-01,1.029968544413659481e+00
5.280690106802052863e-01,-5.255328795550467946e-02
4.762617046638650126e-02,5.748570453448565987e-01
-1.407219984409551483e-01,9.434691713871679042e-01
-5.329761769869465482e-01,-3.247208382146995476e-01
-2.567044887580993695e-02,6.131500825976221591e-01
-6.950225047898102027e-01,-5.342412525128111683e-02
-5.957339196443927065e-01,-7.978109279198135617e-01
6.648780622307770560e-01,-7.407170716282838185e-01
9.033822498407931834e-01,4.243184206112808332e-01
-5.373057043865498983e-01,-3.485399037553643664e-01
9.973217250316164240e-01,3.767238402901909033e-01
1.570929993084504983e-02,3.901757880631134823e-01
5.087271635655079560e-01,1.983953582571634233e-01
-7.839854803474419209e-02,4.773402171565819252e-01
-4.909005197706071272e-02,-5.159257137803191506e-01
-4.400621969783242160e-01,-9.167899069141923762e-01
5.621489066705274151e-01,-7.304410659528721705e-01
-3.403062721411970193e-01,-1.038860816971200807e+00
-6.770608079408443336e-01,5.798711642372558206e-01
-5.762704649784637922e-01,7.711022380869552162e-01
-4.831654263260903304e-01,2.628199406570778107e-01
-9.394090357955994230e-01,7.698955867177981194e-02
8.969151067069988104e-01,-3.738993997892346988e-01
2.352740021138273740e-01,-4.194512280202359888e-01
6.271778508383363260e-01,-1.130364370574608451e-01
2.041220409948251158e-01,-5.192147313508249651e-01
-1.888356656866574390e-01,4.412702949009251752e-01
7.462066880856219053e-02,-6.098830555715905044e-01
1.788057248293648538e-01,6.406434557762579196e-01
-5.414400970238720801e-01,-8.444664297755248850e-01
2.759130194588506613e-01,9.269864030120629206e-01
5.137811138317091020e-01,1.411816952861910668e-01
-2.294426804475390991e-01,5.052146969604504045e-01
8.702271946041814088e-01,-2.477022728096379134e-01
-7.415004179022851583e-01,-4.312740949588080852e-01
4.702226937809932394e-01,-5.749907254316732885e-03
1.080709112216345247e+00,-3.116283739591615420e-01
2.511767215527759278e-01,-3.635022975025679060e-01
-2.823630721284092204e-01,-3.259406956303453340e-01
-5.097683815489644221e-01,3.737822013303225277e-01
3.016423843176597730e-01,7.299682440070117684e-01
6.195013149217418746e-01,8.610210558320342544e-01
4.233443578825488718e-01,-2.539812815055599304e-01
-2.799247342594326504e-01,2.869244330565974277e-01
-1.034229300582659272e+00,-1.923477402769654954e-02
3.354892370173883642e-01,1.309129319805256708e-01
5.101371522080904164e-01,1.938518908836016907e-01
-8.311049684046896147e-01,-6.827934058633732262e-01
-4.624582341850804190e-01,3.036063062298500759e-01
-3.007832864011065199e-01,-9.572633648962108888e-01
9.199556753847988322e-01,3.581217645143638939e-02
8.053507358874202327e-01,-7.871230953017657739e-02
6.593749453279944550e-01,-7.312069493777798579e-01
5.906489486609101114e-01,-6.272665282800871100e-01
-3.225898932925150842e-01,2.236709348379948836e-01
-4.362659571488630150e-01,4.407347963275149993e-01
-5.715163920031103295e-01,-6.757017698759560931e-01
9.189179670320521964e-01,-1.084323915521941684e-01
1.099815550961912081e+00,-6.206677009664810507e-01
-8.125938015609694975e-01,8.258597874144483209e-01
-9.385740572872365295e-01,3.314236443795481879e-01
-1.112267328524257248e+00,-4.507186309906958677e-01
-5.526387575009641395e-01,8.395281435356530264e-02
9.634017836635405674e-01,-1.422541516364631553e-01
3.666233819008992145e-01,4.683480342916799821e-01
7.603330325586825644e-01,-5.468335909774073578e-01
-1.025965230445680998e+00,4.304074472784183980e-01
-6.880535246144119377e-01,-4.894346287418049335e-01
-6.848177289839116888e-01,6.241818436037335216e-01
1.106362836193123478e+00,-1.785602792412193940e-01
2.131423393126339327e-01,-3.437688143897033033e-01
-3.049846314687745807e-01,4.121059031370899461e-01
3.814681567606532653e-01,-9.787113097503710168e-01
7.059742934024563210e-01,-6.642933822338832339e-01
1.084466309287555941e+00,1.321272472440516987e-01
-4.856077967606964862e-01,-2.752208820083791307e-01
-9.796341789942405454e-01,-1.013394955668741743e-01
-2.538742621901159957e-01,-5.798617195488483533e-01
2.754776545284431388e-01,4.619983425060277260e-01
1.687789336985424660e-01,-4.335562293246200682e-01
8.069908244672114872e-01,-5.960186879809030724e-01
4.850750348132610856e-01,-9.495159357571824055e-01
7.641595729402070880e-01,-1.082058821030792650e+00
-4.129660753195560918e-01,4.386623178800580503e-02
-1.730715143443526394e-01,-1.085486138457241623e+00
-3.249506867449051262e-01,3.410333552490016906e-01
1.019826540876220822e+00,5.225279527480374275e-01
-1.142336222117749656e-01,-4.430007537220196356e-01
-1.594368734469749360e-01,-4.015457765632068354e-01
7.328155070271344940e-01,-3.725460452674627110e-01
-4.098001480162394294e-02,-6.519756955687934230e-01
-9.544699441982579247e-01,2.073083399527506088e-01
7.690274724403188822e-01,7.195645834511709138e-01
5.488107191328063239e-01,8.055561102928059380e-01
-4.960233265413505066e-01,-1.566994710861601969e-01
-4.638943237313234436e-01,2.997659708637582243e-01
8.265614301098835881e-01,6.590469682777475580e-01
-4.072625214943713656e-01,-2.528002525305250714e-01
-6.475937172041766887e-01,-7.685853043244816885e-01
1.975241723896324075e-01,-5.212587602616584048e-01
4.293592307092696236e-01,1.446447536193429251e-01
-2.162562880694215983e-01,-4.650161956577939515e-01
9.539559040420255709e-01,-3.169230454887560500e-01
-2.178657650354406949e-01,9.455138141751735503e-01
-1.131825491335429312e+00,-2.554033026263071715e-01
-8.503538764331411981e-01,1.444019215763663738e-02
8.154441000092195191e-01,-7.907354283112607574e-01
-3.676081127056841646e-01,2.932827663821017117e-01
6.201734729601995344e-01,8.657954597993100521e-01
3.414541998229401187e-01,1.443807096327207051e-01
-1.060351420571721937e+00,-1.800314684037583046e-01
-4.584966513692699808e-01,4.689134407746119448e-01
-6.110718688057295012e-01,-9.408886974412457027e-01
1.378793937993038621e-01,3.749809124762374379e-01
-8.934608120379784468e-01,-6.081710897150920392e-01
3.326915704323529788e-03,-9.118810430135340095e-01
2.184446561984767221e-01,-4.860424172930334352e-01
-8.211494111634061177e-01,-3.623860276813741232e-01
3.177186379577839337e-01,4.195447390165825130e-01
-1.688230027771432107e-01,4.887534017440447465e-01
3.496574437927557066e-01,-8.507356452749299525e-01
1.388744259693535932e-01,-1.065084577116706122e+00
-3.913148165942266221e-01,-6.728893728228635407e-02
-3.806169527024060306e-01,-2.210389767761979929e-01
2.285870959282855219e-01,3.915271263443068639e-01
-4.746637136815562985e-01,-1.593219149165985005e-01
1.891841313265310576e-01,-1.021145981962528815e+00
9.303868716246740389e-01,-4.263054598748697993e-02
9.717373691049053797e-01,-1.220484900006908457e-01
-6.088422447950698757e-01,-7.169961916480996900e-01
1.030513690007890171e+00,1.625023176084893217e-01
-4.466424433493337287e-01,-2.255220411701600869e-01
-3.135545005973558452e-01,-2.985289585070519114e-01
9.148521370027766775e-01,-7.436851438679937393e-03
-3.970249099221240252e-01,2.609346374661595247e-01
5.383978097671455743e-01,8.205465395632719483e-01
-6.486875665099284261e-01,8.793986921547054525e-01
-6.439055565610679599e-01,-7.482862975763955316e-01
-9.165406724250235726e-01,7.141996988900509158e-02
-4.681132505385991460e-01,3.122106813065383402e-01
2.369510495513311166e-01,-4.649989102288190623e-02
5.731341121025208540e-01,-9.293292844626067639e-01
-1.002669561755584082e+00,3.934409329051321569e-01
-5.200643679577036105e-01,3.107178052734413942e-01
3.652370035677863780e-01,2.757376942056361524e-01
5.235880284079938995e-01,3.060367933604203339e-01
-4.448145099414255177e-01,2.341370537480873260e-01
-6.975697473757940248e-01,-7.953271706737818914e-01
4.534107104670458965e-01,-1.531871521586776197e-01
-6.331333489115449353e-01,1.492319090637373724e-01
6.056131119364690507e-01,-1.133184562705464304e-01
-1.014595204841961751e+00,4.997125640363070387e-02
-7.858274242973577184e-02,-5.835545011179124053e-01
7.940915496928917516e-01,-6.634646942030347772e-01
1.536162184896463778e-01,2.980093452243493535e-01
4.561741450212914994e-01,2.847606130850975359e-01
-3.223034095648507069e-01,3.558733858910209102e-01
-2.661009989531503139e-01,-5.513166170808225797e-01
-1.849552611944478564e-02,-5.398274957034825405e-01
3.241586000407657431e-01,-1.035014233286080554e+00
-7.307300106190277589e-01,-6.987164304153972161e-01
-3.389208589853059950e-01,2.342799605851784706e-01
5.423551187646449279e-01,9.287642353964120634e-01
-9.299828563254359803e-01,-6.899855349461755383e-01
8.370151621990824520e-01,-8.567424801022778258e-01
-4.884468217904851528e-01,2.961403370318375083e-01
-2.258328253784207262e-01,-4.064660851379520712e-01
-9.145593966703532973e-02,6.822328821147040090e-01
-8.756905654277647999e-01,4.488002900856011834e-01
-2.078958090012367754e-01,5.299014839778858343e-01
-3.335609105795030449e-01,2.918269792924866324e-01
-7.344842133005811124e-01,3.416619854284730362e-01
-5.777151512821594448e-01,-1.104431754916185282e-01
-9.485257906951033435e-01,-3.592132793822555015e-01
2.271661292776934460e-02,-5.151195369961908410e-01
-1.104395545002886170e+00,-9.666322634876242659e-02
8.614700327100930366e-01,7.050803623064847425e-01
-3.237794763332771941e-01,-1.431632097660460734e-01
3.841230143126300178e-01,2.576767763799743260e-01
1.301387822169131070e-01,-3.440114297501104534e-01
5.912387840381659876e-01,-2.776688639855576235e-01
-9.958762854901380412e-02,-6.204991661230446764e-01
5.565876415008516043e-01,-8.930460339228781796e-01
-4.046483240772008605e-01,-2.288375276971850170e-01
-1.056496789748808007e+00,-2.651677007232000616e-01
-4.492309876656511158e-01,1.153302818549614694e-02
4.252372030069354047e-01,6.042283892786364241e-01
-2.260246811505814968e-01,4.755742698061600771e-01
-4.479681907491711579e-01,-1.100355850855819217e-02
-8.836050473456503740e-01,-3.680348487519659040e-01
4.052116626112201025e-01,1.816132565448722383e-02
6.397792194494905660e-01,-5.988327070075416536e-02
1.047845378822958473e+00,1.249764937196993081e-01
3.647897740822254598e-01,3.348225755341194265e-01
3.406682580136834448e-01,-6.165501724869225653e-01
2.604864725784311608e-01,1.048673798837207460e+00
2.078792566060367886e-01,-3.841658553201956483e-01
6.863926511360612936e-02,-4.932963647253710837e-01
-2.352757986598424944e-01,-8.147057714610836943e-01
-1.091630369183205079e-01,5.468316820647731724e-01
2.764809437106647838e-01,-2.675960498544006638e-01
-4.742474889031238483e-01,8.248633913105191118e-02
2.641965350211605279e-01,-1.028703306030972042e+00
-4.376255123684239523e-01,2.175606497370656811e-01
-2.552347882224897946e-01,3.999507951268933548e-01
-7.005311500392641388e-02,-5.030907434774702924e-01
7.423023734888614111e-01,7.341498749034858218e-01
8.163179475698505438e-01,4.576863763084185188e-01
9.247874661144255271e-01,-1.884046558029002782e-01
1.068302640560474526e+00,3.378147273422706931e-01
3.328896424384487629e-01,-3.902903387852740824e-01
-3.738348661005462814e-01,-3.804297462132798513e-01
5.099258863209241710e-01,1.777630498032800876e-01
-5.008537254750475842e-01,-1.270567377276479448e-01
3.842522697298222378e-01,-4.416147783328987220e-03
2.964731050218374908e-01,5.274007287550848133e-01
-1.550878672860090124e-01,-9.831399075766800166e-01
3.872896462231126824e-01,-3.221255582939008821e-01
-3.612205910678673026e-01,-4.602455712824509160e-01
-4.885800529012885446e-02,5.219701646962627839e-01
3.575875514150882450e-01,3.688517885579023492e-01
1.405008703062442521e-01,-3.279511060614225815e-01
3.021689533224162227e-01,-4.142579929372548486e-01
-4.024139468558399213e-02,3.281885143743732414e-01
3.902531177416961872e-01,-3.279444808602205441e-01
2.014215184114135082e-01,-4.198233920756137549e-01
-1.041668779192319594e+00,-9.718362559367207942e-02
-2.140260992535650275e-01,2.395004928178297576e-01
3.881748858413447412e-01,-9.786693606156703362e-01
7.587864931231111942e-01,-8.143325314539328064e-01
-1.043953607746691103e+00,2.624588697551895611e-01
3.394600413882243872e-01,2.790171068277777500e-01
-6.535694807235636894e-01,7.910786551384879628e-01
-7.178074998231971371e-01,-5.008807364561478348e-01
-4.591059251900052041e-01,-1.524666409062980788e-01
1.167442232120893542e-01,-4.672765874548948095e-01
-1.878742444047906968e-01,1.080079393423371226e+00
-7.953986073656749145e-01,-3.028031220435979387e-01
-1.463349318313352521e-01,4.026161756712570705e-01
1.337297282588245928e-01,-5.681069454980722799e-01
-2.205148440027069612e-01,3.880748321419023594e-01
-4.732229754101874297e-01,-9.654389906483042127e-02
-7.604673873929140848e-02,-2.899798427903758635e-01
-1.725314914455461646e-01,-8.727911396549636880e-01
1.713748302092286402e-01,3.915597269127595315e-01
-6.033363480513616317e-02,-6.174054320595567802e-01
-2.142526806228639558e-01,9.627941805947585197e-01
-2.255141754011186772e-01,-4.030039877965596040e-01
-4.220141023727455032e-01,-2.555859584794639705e-01
1.662217425844326191e-01,-9.489213630795385601e-01
-1.102832435314825776e+00,-1.681292213118824319e-01
-3.248758000915663580e-01,2.419830723944838280e-01
4.498987603096437082e-01,-1.414772785144352563e-01
-8.441158852744149454e-01,3.209622508825251685e-01
-7.974322525407560869e-02,5.327906516019835781e-01
4.471336558799375860e-01,-1.438009099799010537e-01
4.851878890221413276e-01,1.638586456348826159e-01
4.082597450989141619e-01,-9.738496717597238117e-01
-1.294351088934204141e-01,4.136606594358922528e-01
5.273260775561292579e-01,-8.829544098653021589e-01
-4.443279415967583135e-01,9.112187816973124077e-01
-1.154342156408868947e+00,-2.111215714430048074e-01
6.293330344800127651e-01,-9.191303556515708628e-01
4.108322967635514300e-01,-3.753053961935353122e-01
-2.742000708507666973e-01,1.017382325263070930e+00
-6.103037543942970711e-01,-1.565867344906467923e-02
2.267816647839678290e-01,4.156806578429964594e-01
-5.281392533196541672e-01,1.356406445247930748e-01
4.819553926601224392e-01,-1.546960041320539492e-01
2.769667546026227667e-01,1.038601568084779991e+00
-2.687926275604813342e-01,5.514139538584272859e-01
9.642525263654220247e-01,2.988152644643305988e-01
7.384526904929369362e-01,5.874264030781123358e-02
-4.197278579903701567e-01,9.530321827947649815e-01
1.008742555043447453e+00,4.645335948320270525e-01
-1.511564290073140193e-01,-3.364628647184843002e-01
-3.134897006954989740e-01,-1.037501308926479515e+00
-3.519273846257141569e-01,-1.837084825958608114e-01
-2.406262776857310826e-01,3.597137712467193271e-01
-7.042333292164475456e-01,-9.373770649165112934e-01
-1.099164377179949748e+00,1.797296684411252288e-01
1.056982594743000936e+00,-1.711529242958111652e-01
-4.157306331164329904e-01,-9.424183292699872538e-01
-1.797352545930033518e-01,4.654417044196739739e-01
1.003379834902276557e-02,4.973348964644619397e-01
3.515201401005647597e-01,-1.084107221682644312e-01
4.406622854074917495e-01,2.910535792135839905e-01
1.893061301768349247e-01,-1.020448584040946516e+00
7.119927980311633320e-01,-6.979603842055303042e-01
8.336741731552052004e-01,6.833657869444527133e-01
5.430624184497536699e-01,6.844476903021925462e-01
-7.335823295653035592e-01,7.096900064507624117e-01
-2.996134227193434363e-01,-2.414316293970504013e-01
-6.415388260914213214e-01,7.923402566233495037e-01
2.527015975775607770e-01,-1.151135028078987377e+00
8.183408824128982628e-01,-3.610073264338343746e-01
1.087224225351116624e+00,1.806943947575287146e-01
1.946491349006040927e-03,5.260495930160362654e-01
-1.186331622204878089e-02,-9.467884175561336324e-01
1.784952077770014800e-01,-4.596323907350124971e-01
1.006049781524805675e-01,-6.090447001855208153e-01
-9.115844392915796179e-01,-1.632695624990900540e-01
1.179350410046654529e+00,6.776175846909043843e-02
-9.377632239666812142e-01,-1.750497618882738138e-01
-1.058689312654097936e+00,1.136248630110724134e-02
1.078642812869546219e+00,4.581021386555033659e-01
-3.509914883657517803e-01,9.115954318892067754e-01
-6.303818025492107235e-01,-2.531332804529675684e-01
-3.132838083590856748e-02,-3.913298627419758979e-01
-8.693768647182811282e-01,-3.024914145335660942e-01
-2.150636140631134452e-01,1.094677781290132712e+00
-3.143879712843228869e-01,-1.005867498722204711e+00
-6.231906660680207599e-01,7.508145282745076754e-01
1.443888104124138594e-01,4.198831497308211924e-01
-7.684308834204353622e-02,5.432619411217879390e-01
8.446919702013940823e-01,-5.526850796273257149e-01
1.153433069716201853e+00,-3.556493575022624809e-02
2.792433967566130271e-01,-4.303699448410929773e-01
7.807494840299670225e-01,-8.081060865414938510e-01
9.386319811277358260e-01,6.494311835550886647e-01
-3.947235640333497386e-01,9.343109697126938951e-01
5.034366677667067025e-01,2.123960635001384545e-01
4.445194899405628952e-01,-9.125979291376512537e-02
-6.731497246726847461e-02,-4.229619226500752061e-01
-2.799704854304708168e-01,4.235081857669457106e-01
-7.036882768794960885e-01,-7.253485768326783933e-01
9.234070015215153360e-01,-7.053271869096631175e-01
9.773894657623394266e-01,-3.591336705575072508e-02
-5.238223421646964750e-01,8.160684534753357422e-01
4.017829194852466368e-01,-1.183693850488408972e-01
9.274422416662667645e-01,-5.193594267169336920e-01
9.450310944164627691e-02,6.430444245246080825e-01
8.399065455256160551e-01,-3.332916231555549391e-01
4.428823753521253792e-01,-3.375704645836843931e-01
-3.013135254045498090e-01,-5.449489500902957584e-01
1.114371210362983033e+00,4.824130193808767730e-01
5.532622117262271377e-01,1.922346200214963136e-02
4.958943220061255985e-01,2.668990918350169217e-01
-3.065366945463136039e-01,8.875549667583907398e-01
-9.678980562890585615e-01,1.705406423386268966e-01
-3.459438381396521267e-01,-3.950526831063361777e-01
-7.718043424935945307e-01,5.416576267393335975e-01
-3.125070426318870553e-01,2.889806583893909098e-01
-1.040178425554191266e+00,-5.318825640913644737e-01
-4.102478835504396182e-01,-4.006143392250485213e-01
3.341010065980162813e-01,8.065423002555554000e-01
-5.302089308594792882e-01,1.334520496346782992e-01
-4.530845077780265018e-01,8.998483328441809759e-01
-5.224589283714858867e-02,7.129942512423608214e-01
-6.403462954342205027e-01,2.361580738198114371e-01
1.682734940030207460e-01,-7.845406629620158556e-01
1.153920128214500407e+00,4.289232143152078847e-02
2.909479243921430092e-01,1.023331218339097681e+00
5.752063074298258138e-01,6.093396196624106809e-01
2.940075572509961432e-01,9.589278744620003403e-01
9.385867447428039023e-01,-3.773737131374250153e-01
7.720096092376703689e-01,-6.867063264190262917e-01
-1.052814396204756919e+00,9.188695802031586479e-02
-9.426248431124925053e-01,-1.541200517070213660e-01
-2.890320052756092939e-01,-2.431535951726664369e-01
-4.370306123858106462e-01,2.590868049936682904e-02
-7.623961825850459340e-01,-7.229558565722394858e-01
2.297473609371914749e-01,-5.513885878086476344e-01
-8.527648026366543843e-02,5.194073192520399784e-01
9.546589044912443534e-01,1.487880276608631869e-01
7.192813107945024154e-01,4.583881740788516290e-01
-8.319802338596822278e-01,4.898452802071838197e-01
8.728684138135294202e-01,1.138474552526846928e-01
4.588576097642014240e-01,-7.824286423262893919e-02
5.493504503308619391e-01,-7.655744449120344131e-02
5.602312877448409889e-01,-5.318195703036424082e-02
9.731411896845906240e-01,-8.504895614403128190e-02
-9.830637491562284058e-01,-3.632674259216996382e-01
-3.701459514205845958e-01,3.560054743615300166e-01
6.203793966958807138e-01,6.487243359713494861e-01
7.838457548851340828e-01,5.064420674479886975e-01
-6.665067805389253142e-01,7.724695012999144295e-01
8.916403706006076346e-01,-2.585065750057598533e-01
9.614627744310305646e-01,-5.594554723136366814e-01
2.273826021754040694e-01,1.028260754720684567e+00
-7.801105952117706188e-01,-5.918854306585890068e-01
5.880634199308187871e-01,8.297305429787316111e-01
7.622700237409338886e-01,4.849861166973283289e-01
4.078490776974584842e-01,-6.809819355006492270e-01
-1.083926233143117868e+00,-2.801505787265351488e-02
3.973189070409869350e-01,-3.160392602832172715e-01
-4.338054366267391493e-01,-1.257858109568378568e-01
-3.323852588910839456e-01,-3.471268571305712869e-01
3.926853727862958388e-01,-1.035552464044584564e+00
-4.313044279830299255e-01,-8.087293879273516062e-01
6.016882368065387121e-01,9.846025969893811292e-01
2.261704287539280378e-02,-2.699666571610819243e-01
9.540171805227113389e-01,5.890468196728270156e-01
-1.914527645812110213e-01,-1.028997663079994185e+00
3.103401170611529980e-01,1.173507066248705155e-02
3.724264228134960969e-02,1.152516800292296972e+00
-5.747526967884702964e-01,1.383865173619085454e-01
8.570279165783567521e-01,-2.460133171068379365e-01
1.840258708817914812e-01,-4.068871162570228406e-01
-8.424054841414634343e-01,-3.633456861400532478e-01
-3.199115032834239924e-01,-2.796483273070535791e-01
-7.549539042969730662e-01,-4.490772285848522172e-01
3.675857842751678595e-02,1.073606441049888671e+00
8.078373520880889336e-01,1.913590134105179197e-01
-4.396986210851131505e-01,9.204889656090213812e-01
-3.555712361161172952e-01,-8.716720678609047868e-01
6.338865867755533179e-02,1.147060670797140469e+00
8.764374369287136757e-01,6.634984531963179499e-01
-1.014943348496609499e+00,1.865603263587631566e-01
1.775279886708960864e-01,5.483659838714098900e-01
-9.522021751406488654e-01,6.213293868398916953e-02
-7.822377392822907338e-02,5.953004642462025320e-01
3.288927454191913347e-01,-1.037883816977840823e+00
-4.239245910721918809e-01,7.013486924594769523e-01
-2.699495884664550593e-01,3.180217537114853332e-01
-6.548613713225162059e-01,8.815599665257859430e-01
1.674488611247858250e-01,-2.022853350418818974e-01
-5.215733566711945324e-01,1.081467105651151284e-01
-4.856627779757569652e-01,-7.381474670639046609e-01
7.374051391721103688e-01,-1.086321278507900029e-01
4.594546040799913356e-01,-3.143413702578184976e-01
-3.422272221098300871e-01,-1.023199645852329143e+00
-4.178472740226409354e-01,-5.074247093725214874e-01
1.143328879557644839e+00,7.034676167949055481e-02
-1.175831146442873898e-01,-1.105528386366170013e+00
-7.540372610924201968e-01,6.053536185621948285e-01
1.068352143090627093e+00,-2.988031803295855271e-01
-4.458446556493860791e-01,-8.328022477207226437e-01
-8.223932290968801739e-01,6.230313597058998454e-01
-6.095272054939214756e-01,-9.241521283190956559e-02
4.920939555042997959e-01,-5.160427611890707755e-01
-5.056430006164018831e-01,-8.796772626702568099e-01
-7.506748732983418160e-01,-6.179249221983154072e-01
-9.140329872959839230e-01,-1.944757316788885138e-02
-4.583476554674476566e-01,8.877452580209396760e-02
-5.210833548138992244e-01,7.465814377774282473e-01
-6.147109756075120890e-01,7.750781298646850503e-01
5.485869507188366745e-01,-3.518905216679218961e-03
-3.998230008739769303e-01,1.083044773089397284e+00
-6.207538038129790658e-01,-5.542411355945895401e-01
-4.028910631010347854e-01,-1.982695301503544505e-01
2.178848237108506614e-01,-3.997101167740639838e-01
-6.564386557284153101e-01,-8.309218661897938007e-01
4.564433452667265856e-01,7.307767263726262508e-01
-3.037140273565825943e-01,-5.782694690483429767e-01
5.044194906184644722e-01,4.525352567336761722e-01
-4.189146177817175687e-01,-9.733682118551629792e-01
2.720972593805425777e-01,-1.030936141781709559e+00
-7.872387129304029285e-01,6.856907114848964646e-01
1.714487856204590932e-01,-9.509627602630060794e-01
2.139823875002658249e-01,-1.019327876916298781e+00
4.137356813013309820e-01,-3.496497541626809591e-01
9.932807221597308445e-01,-1.203242230590392814e-01
2.243982017232121901e-02,1.014530085559316230e+00
-4.320045867538230971e-02,5.045579707922278612e-01
-1.046358013562805889e-01,4.017350801234537694e-01
-1.085755158053251845e+00,3.025458565866573912e-01
-3.499758809035954377e-01,-2.682114467071522457e-01
1.100185216875745775e+00,3.516113860886868059e-01
5.670095756056594549e-01,-4.208643438350048727e-01
-5.647731225536625210e-01,-2.580759554162903036e-01
3.036047318064879486e-01,-2.992235145625908865e-01
-1.215806856396125735e+00,1.318551018090837745e-01
-1.020063268257406897e+00,6.317184077186796531e-02
-1.016512966608232593e-01,-5.113830772469261099e-01
9.061510292327729088e-01,4.135847988050449509e-01
5.590805555555387052e-01,7.920312775995888011e-01
-5.039571570343668316e-01,9.649387837347936925e-01
-1.973210451150626266e-01,-4.353348798227610339e-01
-3.977204761915643649e-01,-9.661798563189036848e-01
1.553527913257714277e-01,-3.124313749390322803e-01
3.142502676598247779e-01,5.894833312779912404e-02
-4.040296833388373754e-01,1.420695177140661736e-01
2.102331942203345960e-01,9.706891115742085629e-01
5.031267547027569176e-01,-9.211211469195592499e-03
1.857885884392116160e-01,-1.038551769481024900e+00
4.772056184761561681e-01,9.812629792506565030e-02
2.545625710208640480e-01,6.551633475489353486e-01
-2.889357783459892692e-01,-2.785564513518904439e-01
2.373720318826949005e-01,9.306056187024841497e-01
-6.584078784170015464e-01,7.816241071878234081e-02
8.653991625869656978e-01,-1.342602097565488983e-01
4.703598624612634338e-01,-1.534837212823692565e-01
1.626994106687112973e-02,4.160604248702950425e-01
3.614442591752582423e-01,-1.011635756217626358e+00
-3.754423170167203727e-01,1.725016525904065900e-01
7.250966671177350165e-01,5.878221049453374869e-01
4.557385199722855940e-01,1.576071691614739922e-01
-8.986167213182713054e-01,4.620584038942276983e-01
-5.894405379228483399e-01,9.524659783788541612e-01
-4.520022387062208602e-01,8.807089076613983103e-01
-9.243462902039847329e-01,2.090480820325507916e-01
-6.902769725655316657e-01,8.573531194979336911e-01
1.484797438235618272e-01,5.033363629443711185e-01
-4.244497677792425372e-01,3.618381756070153665e-01
-1.550695282708134115e-01,3.249053906046378559e-01
-4.931383780856469778e-01,-8.254012425524764884e-01
1.980130305591684126e-01,4.620139467299868019e-01
4.531092559411252774e-01,-1.935410454638779310e-01
-5.426382929383564147e-01,-8.623747206269509746e-01
-5.266746493078948710e-01,2.710841286844185571e-01
3.387245093580254496e-01,-1.624275126940775138e-01
-1.814562378515152674e-01,1.005523318894391949e+00
-1.131410276615920779e-01,6.110641299891325096e-01
-8.521483167354726440e-02,4.680844239817087971e-01
-2.465844456027287412e-01,-3.040770479251700964e-01
5.129168468277770648e-02,7.458761192311775812e-01
2.361977219506680159e-01,4.206773819477775955e-01
8.153993324900113970e-01,-2.711514678853781946e-01
7.679886382177339987e-01,7.933213054200405345e-01
-6.039771226392750547e-01,8.398185552734638293e-02
4.842363201048303645e-01,-8.290847040582099980e-02
-5.297465033803713252e-01,8.895873515886133509e-01
-5.898667100716502576e-01,9.103431240425551019e-02
3.437105988709887594e-01,-9.298981362104795645e-01
3.520941078695116189e-01,9.360673571218396383e-01
1.235879222529769617e-01,3.647657295153186041e-01
-4.783534130696264763e-01,4.344187194064430546e-01
-3.666704570440766919e-01,-8.802231050096621656e-01
-5.323170487659449890e-01,-2.347438223342870056e-01
-8.384562934630337416e-01,5.892549860086271352e-01
1.996440007771699277e-02,-1.086198346199707565e+00
-8.054724216125883629e-01,-7.317645990892732710e-01
-1.613276813279908017e-01,-3.034632882161029666e-01
5.633983321032394187e-01,-1.371298094834689785e-01
3.991023975405719737e-01,5.444694889344789401e-02
3.424864321203774375e-01,4.227200776273721816e-01
-1.004201058574061722e+00,1.810689416305101551e-02
4.688878633682893593e-01,1.945972024385373422e-01
1.259347994357740419e-01,5.702507416890684189e-01
-3.961186731195837640e-01,-3.052688723929508630e-01
3.051261176645708728e-01,9.872213461462675532e-01
-1.557455431177079061e-02,-5.249158035244552156e-01
7.146807301842814653e-01,6.635440581434490781e-01
-3.140408872310128663e-01,-1.061007481076502224e+00
8.928930323092173493e-01,-3.488395458271599803e-01
9.571932092081040233e-01,2.121418098221562187e-01
2.782356220024448379e-02,-8.062497979635608880e-01
2.988776714635975051e-01,2.680102090892733102e-01
-8.997231848426849865e-01,5.075270471931141447e-01
4.922351334367939812e-01,2.902588953641892511e-01
-5.972150536393144860e-01,3.378761436803791041e-01
-5.820987191494553237e-01,-5.701063833175266243e-02
-7.294928674329024254e-01,4.447417572151314280e-01
-3.483495877740724334e-01,1.395880271015587093e-01
1.031201312649217439e+00,-6.963704619375111343e-03
3.260851636179442070e-01,-7.778387137745407243e-02
2.155530537886829814e-02,-9.431992640773579906e-01
-6.762860027130686014e-01,6.468151757194586793e-01
3.583040891014703799e-01,-9.425323577711602896e-01
-2.060301526716250275e-02,5.957230877801731328e-01
1.479160036522008392e-01,-8.882240643139936997e-01
-3.386933498469273385e-01,-2.273216923953068069e-01
-3.523427880527664202e-01,-4.218209939295964883e-01
9.546296122899903258e-01,-6.091253792210540308e-01
-7.779307567784687905e-02,1.050049736554592217e+00
-5.586512648887446142e-01,1.042622398952411267e+00
7.162232326692523632e-01,-7.948499275596685454e-01
-3.119504929828872258e-02,4.577258556519028243e-01
2.463182462053347677e-01,8.515042241753767449e-01
-4.492602046972325458e-01,-2.622981503909925793e-01
-1.223544248034539039e-01,4.155870494480461419e-01
3.676856728368244620e-01,1.000055711487089827e+00
-1.829548511501382646e-01,5.029402209725581940e-01
1.003811914789437543e+00,5.009038519118398647e-02
4.421051302391793003e-01,7.508635078943427521e-01
5.216153269510165336e-01,8.318458688033647519e-01
3.849554430220020196e-01,7.986227140026817828e-02
3.520705978259668772e-02,4.411215502198149729e-01
8.307629562525891131e-01,7.293463462804261610e-02
4.428841880839604617e-01,3.031299736601322237e-01
1.017840908313454168e-01,-9.797230659324314139e-01
8.712789379984807736e-01,-3.912509404643466082e-01
-3.544343423605540028e-02,-6.045075181690151567e-01
5.104807619825816323e-01,1.790487494525020984e-01
1.403075162320620295e-01,8.377023632527380581e-01
-1.861455930687636040e-01,-4.585113373064262365e-01
-4.389648432223248187e-01,3.543076504601145871e-01
-8.830535986406348181e-01,3.071878551540222491e-01
-5.211895163566307998e-01,-8.636312134180675892e-01
1.879021959875371017e-01,1.101153475096078527e+00
-2.410833647590105988e-01,6.974196304421331760e-02
9.652371802104989795e-01,-1.256734581933798278e-01
-8.582710725788653683e-01,4.006545890497093532e-01
-7.869527612610648093e-02,9.826754506733592631e-01
-1.097048774980588171e+00,-3.958787896343194529e-02
6.980647869643858972e-01,6.016352339701516172e-01
-4.021249293729606267e-01,-3.528479080357443953e-01
-5.110701360190030851e-01,2.168988320595884034e-01
-3.023369670206618176e-01,1.177186327030236776e-02
-1.166749155477618261e-01,-8.501891967233827785e-01
1.685307694103511111e-01,-6.334763993093789347e-01
1.033998939276620455e+00,3.393617362775641078e-01
-4.459341085738017796e-01,2.860635659771562644e-01
6.316044036985628551e-01,-9.525200653969306819e-01
1.027551846925642554e-01,4.950916270039480982e-01
-7.986147128235836223e-02,4.097022090190423627e-01
1.018610827963958965e+00,1.674243915792236193e-01
-1.272328313880873030e-02,1.053332560960350994e+00
-3.302174532785002725e-01,-7.884617620477776256e-01
4.596773867858929274e-01,-3.415133892187127151e-01
-2.480804283964389290e-01,-3.544433818711563711e-01
2.361137159144822695e-01,-3.524591445592004102e-01
5.325333584972226086e-01,-2.278603290296275508e-01
-1.608830568650677639e-01,-4.807804060499589749e-01
-9.465399307012704044e-01,4.949516277601103686e-01
-2.012256254769470565e-02,-4.927431396181232715e-01
-1.337361602074245703e-01,-9.636483382410140353e-01
-7.405620911799397632e-01,1.679206483857687005e-01
-4.357409179173791225e-01,-1.083875367929175937e+00
4.890633164873091077e-01,-7.900982476292394141e-01
-2.266881978714058166e-02,4.813360574373585221e-01
8.993946863844845541e-02,-5.157144268708317991e-01
-9.796134124612249083e-01,-1.690362892275671380e-01
7.904537902238691904e-01,-5.191147077812424682e-01
7.844477305243298115e-01,6.836442496989613149e-01
-1.404776988184490982e-01,-2.655448817361717451e-01
-2.302515211443075249e-01,-1.046071306376047172e+00
-1.153103242724485611e+00,1.499802320309443493e-01
1.262933871832783717e-01,1.064591066221167281e+00
-5.554746577943034946e-01,2.661534869719256458e-01
5.569903629940496925e-01,1.226511238628052169e-01
2.073983208906172715e-01,2.670722653386328749e-01
2.494913447184712862e-01,9.251737263972781289e-01
-1.123645993741842375e+00,-1.932414252766336271e-01
-4.461860667277673942e-01,-3.646053819056361833e-01
-3.182462692266868620e-01,-3.287848084283427896e-01
-2.425079206204399374e-01,8.435178949188114617e-01
-4.788280999710558539e-01,1.407298751616415933e-01
1.149226844246054924e+00,9.709597009772404086e-02
4.899412635132422422e-01,-9.250033593708022195e-02
-6.825866027380561585e-02,4.547320043268463508e-01
4.385118416962064947e-01,-2.504340364515326711e-01
4.825962884244439643e-01,-2.714643086416899109e-01
4.150565293342640683e-01,-4.177682823790455080e-01
4.407380755896893043e-01,-8.715303147678321594e-01
-5.782388126531783357e-01,2.389934382754071995e-02
-4.094277585255683416e-01,-9.642146624649938769e-01
-3.717636571635334342e-01,8.070163787732946847e-01
3.566366652685117877e-01,5.390135739032660966e-01
4.387251316031096082e-01,2.055094254069753101e-01
-3.466712511486346182e-01,-9.096598478191548764e-01
4.699406843908562337e-01,-2.207601606337700473e-01
2.235161385266882239e-01,5.389793084520125843e-01
-4.041920507929733786e-01,3.449674549265469570e-01
9.823479116685131241e-02,-5.301960438350865612e-01
6.983699385924280190e-01,5.336248021972216371e-01
3.867446907517427812e-01,-9.801606626224562691e-01
3.643425643778441247e-01,3.261316262955797907e-01
9.369542864536307691e-01,-4.039236042020973860e-01
9.921986644196034710e-01,-4.162155975077063141e-01
-5.142329718126152915e-01,7.118164320168776649e-02
-4.551241644825594901e-01,5.958224791113780894e-02
4.977905565909092056e-01,-2.405085171146798678e-02
4.725446484579283735e-01,-2.738784026406774763e-01
1.011494011822239303e-01,-5.584177675923520656e-01
-9.588062687996906641e-02,6.507440553762922075e-01
3.212898937724675275e-01,3.111265400691554661e-01
-9.739386918166604845e-01,-4.479290430799197642e-01
3.115337750403405215e-01,-2.775099505204448591e-01
-6.478510832192090341e-01,3.342624359000642142e-01
2.830248420717850211e-01,4.398223537348973644e-01
-4.444980399882284550e-01,8.625893701947676684e-01
9.968408492361133244e-02,3.304260922117076005e-01
-2.164923047749448271e-01,5.261564445577598947e-01
-4.736895443289690921e-01,-8.941083048716125248e-01
7.232443461508274440e-01,5.525691660799836313e-01
1.523335291980107975e-01,-4.261605200260816240e-01
7.931483548846849363e-01,5.906320029758262979e-01
9.431421990771752251e-01,-1.532629004921410021e-01
2.591943149240026611e-02,-6.985910241341777294e-01
8.055741305256545193e-01,-6.306804747871600503e-01
-3.455628301806599190e-01,-8.814143474848210036e-02
8.511425296688447384e-01,-9.239246790138411214e-01
-2.219549070060926055e-01,4.501697487547756116e-01
4.903783816068184032e-01,1.916329777223397535e-01
3.467727661377476012e-02,-4.908694823120008377e-01
4.239696030428513063e-01,-3.881403352931045436e-02
-9.589454253789978511e-01,5.832553499239163664e-01
-3.889080814750647264e-01,1.701961642607585090e-01
2.912818642217547271e-01,3.347760541149218394e-01
-9.633414811169459524e-01,-3.340985301514809991e-01
-2.650638411642144421e-01,-8.122721513847388497e-01
-5.463888372828852313e-01,-6.717024715749905783e-02
1.084647375884570497e+00,-3.071833942424172237e-02
1.124533426969261257e-01,-3.793948606615049624e-01
9.394567277339693767e-01,-4.841411192868917968e-01
-1.682132389728703825e-01,-4.100203368666131554e-01
-4.566020344392514030e-01,4.212828517238806358e-01
3.478536190129170036e-01,-3.244584667819950807e-01
3.909445231105642127e-01,4.704556270650574884e-02
-3.902146136067494719e-01,4.064018861329188881e-01
2.386366786545137675e-01,4.048466018413352518e-01
-9.469590943805449024e-02,3.569922021522659028e-01
2.733880749425536549e-02,-3.158331276781842223e-01
4.618623091071373254e-01,2.701637060260880796e-02
4.749519347830166160e-01,4.060609823561811549e-01
6.085340018288232233e-01,-2.128186559207171924e-01
-9.452355679286087442e-01,-2.155111123168017007e-01
-9.070513125809339661e-01,-4.180639340777907997e-01
1.056752960919681961e+00,-4.391099708992882711e-01
5.996565443853406618e-01,-7.692044084099647350e-01
-9.584563028698144249e-01,-3.817920059095549212e-01
1.402928458517303523e-01,1.041310490578270853e+00
1.148150802206477916e-01,3.497035251030090053e-01
-7.725635238384699344e-01,-7.201841793090583144e-01
9.706919654321637392e-01,7.944141587317110620e-02
-5.122285714846583904e-01,6.088571726332986378e-02
8.861132958237477597e-01,-5.398286675141595881e-01
1.203849364336187500e-01,4.379539277535411390e-01
-1.386897344662899323e-01,8.880340862895598208e-01
-2.942655249929754802e-01,8.724813052176770833e-01
4.793626774064745355e-01,8.979115290557631024e-01
-3.531906305034094862e-01,9.716196727599483995e-02
-5.186986391078582948e-01,-4.249896631903579136e-01
-5.134466177869662085e-01,-5.180236693158246641e-01
-7.658997368802208383e-01,5.415865417260333770e-01
-7.455942786525479038e-01,6.049469045219799668e-01
-9.592352140562381002e-02,4.515602022330216792e-01
5.200611812475244289e-01,3.114723981023355681e-01
5.323479681132295971e-01,-1.678774002970307710e-01
-4.063408046199987744e-01,9.511808930957464936e-01
2.639637173849692098e-01,9.112696893127647524e-01
1.050741009920960867e+00,2.419918379820731880e-01
-1.779303301367612944e-02,4.689537005285779880e-01
-1.411934096605432509e-01,5.638316661497881910e-01
4.806501108147553936e-01,5.669455129276791683e-02
4.283372189013387454e-01,1.522154110452464126e-01
-5.611297131925532256e-01,-7.315474105487643763e-01
9.712078229147899089e-01,-2.601234031520921475e-01
1.074039540834133666e+00,-4.094158780355756228e-03
4.075768847752687107e-01,-1.521803448708006490e-01
5.236359558905849809e-01,-8.684438632553811432e-01
-3.930802288592230576e-01,-1.925824536122616448e-01
5.096856225703729759e-01,9.921215639186995450e-01
5.444042093596653809e-01,-7.318739550933862636e-01
4.292559841656735653e-01,8.480221920373993694e-01
3.024435011737660051e-01,-4.052820087888438505e-01
-2.020260077703986412e-01,-3.482328832555856568e-01
-6.077664667050861613e-01,3.138951901638190600e-01
-3.814351605780550436e-01,4.983757373552815118e-01
3.820134995369453557e-01,-7.944608506617000243e-01
-2.155463556442567263e-01,4.716913499223143735e-01
2.989555598787531632e-01,2.334954780290010024e-01
-4.047755015562505831e-01,-2.042303222897175197e-01
-1.390520844200315298e-01,-2.295257685075316745e-01
5.119793335301765502e-01,7.544125774340697532e-01
-4.659951198505321024e-01,-4.085200501729362443e-01
-7.376023826541906470e-01,-6.376485067899806403e-01
3.401993862276910807e-01,4.617461696240360292e-01
-7.559251354081841789e-02,-9.702489007982204594e-01
6.972359369502082460e-01,7.568325636773576282e-01
5.461258673000565222e-01,1.358457146656952275e-01
4.844406926708011429e-01,1.069251905830248817e-01
-2.534096639983467458e-01,-8.335254294949255849e-01
-9.017489810925494176e-01,3.688888308175720665e-01
-1.059789101394234878e+00,-3.877489501775224778e-01
-2.285058531418710237e-01,8.284425264285582013e-01
-9.589239863313115952e-01,-3.425527981289192558e-01
-3.082217666140131818e-01,-1.854406990147392242e-01
1.096993898686770219e+00,3.352680496286951084e-01
1.362897819815014899e-01,9.791202626323778357e-01
6.055299211931988168e-01,-1.105868004787102649e-01
1.082829779176654600e-01,-5.905443703960400192e-01
5.039995650137892858e-01,3.784712418743213513e-01
-5.979467156987809950e-01,8.389824934679567248e-01
-4.734843559577374128e-01,7.775673062266031943e-01
-1.934789881860848326e-01,-7.680870329277752484e-01
8.274437709505542971e-02,-9.925925010030515194e-01
-3.034091484261818294e-01,-4.914123504117348107e-01
5.863816078525718734e-01,-1.369963039711916131e-01
3.219267289975235036e-01,-5.351187433351640710e-01
-4.846544048477301470e-01,-5.659632523368867130e-01
-7.333710644874188445e-01,8.337222092571050513e-01
-2.029559115904161493e-01,1.040942971330701461e+00
9.087803977318668069e-01,-6.148377296050954177e-01
3.975215119353295856e-01,-4.145108259872390954e-01
-1.118984487426460728e+00,-8.634354738187084710e-03
4.323227729129171526e-01,-2.006365140172059469e-01
-8.810344516134882564e-01,-4.153392691658503444e-01
7.917150135265810240e-01,-5.262854059066083279e-01
-2.976452135299741397e-01,-1.921139943132676720e-01
2.657350830662262298e-01,-4.634471673853307050e-01
-4.441559255433716880e-01,-3.764322716820325820e-03
-1.024348034645188310e+00,1.811293268389124744e-01
-1.522431041127304541e-01,5.372749589118113178e-01
8.413016423698980173e-01,3.653104391165367115e-01
2.111638289387307021e-01,7.556669232017652060e-01
8.397501061927630239e-01,6.149610472816078310e-01
-3.848680026630981188e-01,-1.019982816351725496e+00
5.802834040751126965e-01,7.111213151026217760e-01
4.019885849014724899e-01,-7.169399157567382108e-01
-7.951773657058589517e-01,4.371729671341129109e-01
5.310959754065136540e-01,-8.508934334901354646e-01
-4.241459039287463484e-01,-5.091478132661027001e-01
1.490327448248401909e-01,-1.040071888528716570e+00
-5.426238435074760558e-01,-5.361410976815531026e-02
-3.976868450758704321e-01,-3.881120734548891282e-01
-2.743389976462698443e-01,-5.261090497530702681e-01
-5.142922464654912096e-01,2.118958588965657586e-01
-8.053688211346001768e-01,-3.283154983353813172e-01
6.455230402713534321e-01,7.026309476501245710e-01
3.052448340308259178e-01,-8.665337510723235548e-01
5.247146487423006711e-01,1.690137129405848149e-01
2.584334319156507687e-01,5.319452157039161744e-01
2.666189814473687303e-01,1.964219946719419352e-01
1.903121651744265619e-01,-4.662275957017925077e-01
1.173121680510858661e-01,-3.246456425288419823e-01
2.337659633998781794e-01,-5.150988862310044158e-01
-3.333505034491933694e-01,4.582349408939253022e-01
-9.163547353549842400e-01,5.373138731810054303e-01
4.911472828032069082e-01,9.217218827616252552e-02
9.757373414447788329e-02,-3.665419012902744744e-01
3.348869295537800772e-01,-1.305079313549316056e-01
-9.726389541080590617e-02,5.571034299457290340e-01
-3.433413222306174184e-01,3.778038148021903853e-01
2.762679370846080062e-01,-4.842019842302838772e-01
6.277395712456800281e-01,-7.901989805506616227e-01
-3.058346871494939112e-01,2.347091596761707866e-01
-1.847946050152836639e-01,1.029111206017955027e+00
-9.730437360829105042e-01,6.225298649447208454e-01
-2.129461177877264855e-02,4.668052975662246862e-01
1.672574910100746437e-01,-6.364947692748763597e-01
4.260555230316385167e-01,-4.555257710250676384e-01
3.444396669419577672e-01,-3.337171868124300111e-01
-3.372744972890444060e-01,4.599897042854629581e-02
-3.671350907582545675e-01,2.039848459191981322e-01
-4.678367109124229595e-01,3.454921729631520444e-01
-3.786082149990517842e-01,9.713049576052590339e-02
-9.470686706370066155e-01,-6.096369162804945452e-01
-3.447026086696602931e-01,1.496621910160301216e-01
-1.164768125111792063e+00,3.407051943540216898e-01
-6.196767696119311886e-01,-5.247470001904226689e-02
6.843547321010041706e-01,7.747326886457099882e-01
8.964270172155107685e-01,3.336007275994985477e-01
-9.145118376049056474e-02,-9.383551253866326824e-01
-7.544049665317797970e-01,5.027783007359164502e-01
-5.577218471433147418e-01,-4.497458851267094881e-01
-5.099231175618250678e-01,1.423843877868555541e-01
-6.090958554579220530e-02,9.494155178949676976e-01
-2.614135790379804591e-01,-8.306831283722475590e-01
1.517936582566163095e-01,1.057457321267729178e+00
-7.506324160672388501e-01,7.764328160586527749e-01
-4.992903649341068895e-01,-2.270625614320880559e-01
-8.242468344532067892e-01,6.158145885313324186e-01
7.622025798121243589e-01,-7.648725169743545438e-01
2.447183902734990646e-01,3.596615609051914131e-01
-1.138682218713644279e+00,-2.317378532363922328e-01
2.900848983321603902e-01,-5.107277148621323093e-01
2.359135217433213083e-01,4.547653750765978109e-01
2.695374440755100021e-01,-4.271863496738101951e-01
3.566939090093770859e-02,-4.075171199060571015e-01
-1.688963634770810907e-01,-3.484893068009546346e-01
4.711142862627961669e-01,3.163544296106711728e-01
-8.367304419382813885e-01,-5.027526190583101462e-01
8.156877011610175199e-01,-3.591994151483930975e-01
-7.082248557145277568e-01,-9.136768474728588219e-01
7.415302621712951958e-02,9.379482119778220772e-01
-5.866745961266262022e-01,-8.476608720628159288e-02
5.053345944819652713e-01,2.334219575349782624e-02
-9.997823634920147695e-01,3.584162083885699124e-01
-2.493917394346955585e-01,3.894236875947440502e-01
4.304944696938755033e-01,4.842714166369670448e-01
8.837137561435223221e-01,-6.935220900618652706e-01
-3.593237986958607022e-02,9.157753654169537016e-01
8.726042732265599788e-01,-4.867765876238842604e-01
1.084695134527432936e+00,2.970128821653366114e-01
2.335282023298385079e-01,9.776391351253996831e-01
-3.403970148503517312e-01,9.586641460919944624e-01
-1.614143975459135794e-01,8.661956767191829609e-01
5.460659738828921306e-01,6.972073642468033794e-02
-4.351937950104555752e-01,3.142040012408086613e-01
-1.630493244459021440e-01,-3.118030608855537622e-01
2.011389494343125695e-02,4.150069176494161072e-01
9.472954237400302846e-01,-5.071209130569080958e-01
1.902779293546768835e-01,4.598730239926570040e-01
-3.693687441039584241e-01,1.035394253088602667e+00
-4.416237214197781813e-01,9.894349677253673481e-02
-8.120684250684551131e-01,-2.448436109106518765e-01
-1.724440091414287252e-02,-4.543012131842301127e-01
2.719374813645681344e-01,-3.495205271385337653e-01
-2.232324778559378609e-01,-5.406324030187906748e-01
-5.833080215669617097e-01,-8.857888292482971604e-01
4.234484117910376488e-01,-2.834780364798924479e-01
-1.047020281833547894e+00,4.773028295989672348e-03
8.640026811045864452e-01,-5.876952596253626204e-01
2.715504764851047192e-01,-8.186122467775928113e-01
-2.247483081375457048e-01,-4.035764671900439193e-01
2.087289923206607223e-01,6.295239112901920286e-01
1.167754431851175445e+00,2.292751211565579039e-01
-5.257631718788224884e-01,-9.384320082774906258e-01
-7.313680230386157000e-01,-6.648830911914459518e-01
-1.491299090983852493e-01,-4.159747636800966153e-01
-1.023801385409455422e+00,-1.587382688895007388e-01
4.080746493461678143e-02,-6.630002651023708671e-01
-1.226832481178904422e+00,1.873814068677630007e-01
3.814282442198875800e-01,8.028995733649808564e-01
4.258674804294730887e-01,-5.220341576687022311e-02
2.795751109603403228e-01,-4.164146481937133770e-01
-1.232520569651419096e-01,6.340324025003312158e-01
-7.800049831562950731e-01,-3.115978324310327841e-01
-1.079382369713045353e+00,-5.475847813714940227e-01
2.592709164337912431e-01,3.868468677587265647e-01
9.399426015667317058e-01,-6.032884966195078968e-02
8.135299932006896384e-01,-5.156405181880494570e-01
-7.182537377856721417e-01,8.750356594028636525e-01
-1.056574428882178507e-01,-8.487878075921411192e-01
4.915973001547208066e-01,-2.225269424696234011e-01
-7.406946541876210377e-01,7.861920192310145605e-01
-9.766797860946975218e-01,-2.232508033627020883e-01
-3.922803057865446585e-01,-3.667711786425666420e-01
7.001356462481908571e-02,9.768068165135740388e-01
-7.142099373756469749e-01,8.117122724653609289e-01
8.712490254811436907e-01,4.572538810063537240e-01
4.761350838006770947e-01,8.220320072049771554e-01
-7.390336831772771342e-01,-6.939983877793871603e-01
-4.856367275000544881e-01,-4.279774665842149550e-02
1.031521604828655958e+00,1.858872756881004285e-01
-8.238813519689379417e-02,-4.143617594928578618e-01
9.244828902445605401e-01,6.148814530076689433e-01
3.980673489467223547e-01,8.650453667668075441e-01
-4.060135385808970043e-01,-2.332029733289717466e-01
8.767930045899754443e-01,6.296963403968856010e-01
-2.269878615242261477e-01,3.919074524722343522e-01
8.397996590491589863e-01,5.640867524837387403e-01
9.214399778121379336e-01,4.568156820417030306e-01
-5.659731134434718980e-01,-2.465874172777333118e-01
4.486822740555676536e-01,-9.541408089962376549e-01
3.006878960339586238e-01,4.305291347417220527e-01
-8.557731061572024789e-01,5.160731495145233216e-01
-2.738320227803462403e-01,8.909514746802108531e-01
-6.322879046443944384e-01,9.995161638436686480e-02
1.391858845483561757e-01,2.614603765586412387e-01
-1.412663035317771737e-02,8.904623951492376399e-01
-4.200625027613478779e-01,1.520175129812375292e-01
3.732172952685692824e-01,-4.477254173215928779e-01
3.721076497149748974e-01,4.327484707488455373e-01
2.918340906790047318e-01,8.976567926790126606e-01
1.144009107307075307e-01,-1.047044594979665844e+00
-3.242487217668557631e-02,1.101422427109549851e+00
-2.098492298797274835e-01,4.653398039725323287e-01
1.048604065438278887e+00,1.344281273128373755e-01
3.356036542456765082e-01,-3.487013448934902504e-01
5.505716046444266709e-01,2.487802007771357793e-01
-2.417388181947628667e-02,-9.879400221025403939e-01
9.637682681714634936e-02,-4.243562024552905987e-01
5.341554809887062438e-01,-5.046469361377162177e-02
2.226494595565556567e-01,-1.203602019866818917e+00
-8.754149660081801398e-01,6.747697328088251290e-01
1.324858174704764413e-01,-3.969351166402146913e-01
-2.174872353782862366e-01,-1.005436023587594763e+00
1.578538394662916122e-01,2.295885104740494898e-01
-6.060148742256678267e-02,4.509672511516942817e-01
1.087024495385915390e-01,-1.056018161868828020e+00
-7.720209830963414843e-03,-5.809701276517464930e-01
-2.742277367416069978e-01,-2.058289816832008512e-01
3.326184099048132281e-01,-4.710236418454344931e-01
-9.888572686789895982e-01,-5.746017116477105668e-01
-2.940200416357167112e-01,3.578326264612339824e-01
1.313429243893654841e-01,-4.215463621975857889e-01
-9.830778350727903403e-01,-2.797797936128657015e-02
3.037741194539103073e-01,6.273814890748049544e-01
-8.165630338270442046e-01,7.168275572839233334e-01
4.267096332664714331e-01,1.043415293642225405e+00
8.611520558514266233e-01,-7.053470411989040123e-01
-4.558610826835065577e-01,4.617711989079822943e-01
-3.349128101243127320e-01,7.734280710006946613e-01
2.437783411756828389e-01,3.219224682778246138e-01
-6.527302923052232808e-01,-8.679406752530417490e-01
1.381182836071249143e-01,3.797755449463596777e-01
-1.447103324377977673e-01,-5.289761373004235878e-01
-5.523957409567835375e-02,-9.459853978376638883e-01
1.658073915916755126e-01,-5.647454825158092495e-01
-5.552748962245256381e-01,2.787234339605847433e-01
-4.875660728309848535e-01,-3.848914291508657159e-01
4.289818527154680150e-01,-2.226977011891333458e-01
-8.256257142620535561e-01,3.068096011821429547e-01
-2.788607705035033857e-01,4.998143129607127144e-01
-1.515532739473375856e-01,9.706363421201964492e-01
-1.826658786291825431e-01,-4.411511807344292713e-01
-6.444096395743081906e-01,7.955246334641018491e-01
-1.461169307180644472e-01,-6.131105815534372283e-01
3.857557908768601829e-01,-1.081003672543157795e-01
-4.944704879387197549e-02,1.101182796685569842e+00
-1.061806216990990731e-01,3.779180276804177119e-01
9.450512527242684868e-01,5.549989109341986193e-01
5.780481294098380740e-01,-1.587632341862482144e-01
-2.585704044910377419e-01,-1.704980893598537772e-01
-5.078325925486009140e-01,-7.124305742355819815e-01
-8.861085337452577759e-01,5.396273847774917254e-01
3.465535073266192700e-01,7.153041409692590946e-01
3.684247187577202598e-01,-2.720242778296817487e-01
1.362154592393799435e-02,5.314779683166153124e-01
2.877549331719403969e-01,-5.165903658803913112e-01
3.150202781155683751e-01,4.382364650520939597e-01
1.308234024325313494e-01,4.712632858849264417e-01
4.170987010827680308e-01,-1.087721914122088407e+00
