7.255407728685918656e-01,5.669302746988076347e-01
-1.416332770081426329e+00,9.781864171698246846e-01
-1.930913823217172975e+00,-5.213253096820642529e-01
-1.185799384693612124e+00,-3.178161183125979283e-01
4.761345475053746501e-02,9.219838657412527949e-01
1.685844506158468814e+00,-2.817110071218036360e-01
-6.582892561095040618e-01,7.157922021794067557e-01
1.185712518581553354e+00,5.243111846127888054e-01
1.028197529758956064e+00,-1.625418904863688452e+00
1.610608392288163770e+00,8.220029870097623759e-01
-1.535352157635657910e+00,1.389934012435303901e+00
1.165229755355629893e+00,1.569692443333834397e+00
1.797698125667543945e+00,-1.375092709514099454e+00
1.191256455912093948e+00,1.421167276463491280e+00
9.121084811776404289e-01,1.080484826638415718e+00
-2.754042096834228293e-01,6.764519987593973216e-01
-8.316189155645283826e-01,4.938926827408046671e-01
6.368571686490662742e-01,2.935753418358861278e-01
5.458395866489582637e-01,1.085803012465095946e-01
-1.439420186807554902e+00,-4.289511709880849399e-01
-8.249143728047145796e-01,1.060258026548334120e+00
4.967607862775798022e-01,-1.234055670254952775e+00
-1.132744270598497582e+00,-4.911589649740140673e-01
8.663770357656168652e-01,-2.934731608031985184e-01
-4.398703643943774333e-01,6.716496466908647989e-01
-7.131377858385131718e-01,-3.917390566353965986e-01
3.521477171464131306e-01,-1.004853863686894666e+00
-1.065481670147567117e+00,1.269954578006202262e+00
-4.700354047549041292e-01,-1.208357657506042404e+00
-1.595028278569686098e+00,6.535146057198203406e-01
-2.104937334755972778e+00,-3.830691550280396762e-01
-8.233205641461470714e-01,4.963196847423898550e-01
-1.383724906725174675e+00,2.243589959736343176e-01
-9.297446859451917733e-01,-8.222313036059035740e-01
1.186512304517890470e+00,-2.996831640058442048e+00
-1.625490333573563095e+00,-4.089539570768181420e-01
1.146716716678166659e+00,2.520989412658430240e+00
1.180260458809124335e+00,9.094473966417383481e-01
-9.094948376356659647e-01,1.831560761133844917e+00
1.427752366142792884e+00,1.000834854904262494e+00
-1.012023867930996301e+00,-3.559171038708447421e-01
1.124078928928710308e+00,1.786250674153798901e+00
-1.119612822115103601e+00,1.673746286304671038e+00
-1.267806513538988433e+00,9.956169882543423888e-02
1.011335754442048485e+00,2.431552239566955598e-01
-8.957029504595052094e-01,4.806662009683538295e-01
1.040220958503835558e+00,-6.889773536469208093e-01
-3.633391970682021688e-01,1.088194376481421921e+00
-2.206759810377868725e+00,2.352425122133889435e+00
9.171002514140200734e-01,-5.678310665732352325e-01
-1.005390067750607352e+00,7.811363639735525721e-01
1.679616171066236952e+00,-2.748766003878541642e-01
1.747351389479570249e+00,-6.590113008856691712e-01
3.930560884296421253e-01,1.346648013059432158e-01
-1.220861781759687181e+00,-3.522514246692982076e-01
8.478912349152795125e-01,1.744203628376602422e-01
1.387084309452218722e+00,1.136854216481450353e+00
7.453854428466299975e-01,7.981096228914061896e-01
3.917758018304251522e-02,-6.559763917183208948e-01
-1.375299018838700871e+00,-2.834649359470490793e-01
1.643808829347284783e+00,8.154021887968335713e-01
6.548564020386924422e-01,1.001983857684134005e+00
8.999571078228975063e-01,-6.719873443949390124e-01
1.611236997133413062e+00,-8.709555868316500860e-01
-1.272298338941849405e+00,3.524574683132699060e-01
2.003209950919892179e+00,-1.278308407842270178e+00
1.033002985792486728e+00,-2.324178716491241692e-01
-1.079747147655166328e+00,-1.056031972043646405e+00
-1.579895105663268184e-01,1.752709880716366575e+00
2.292880851981637935e-01,-1.488280267579324967e-01
2.695898813774015856e-01,-1.101109169593877057e+00
1.720535126005186433e+00,-1.188094694249274941e+00
8.063407205490836782e-01,-5.303604326991331330e-01
-5.644673125685063519e-01,1.720221789475438134e+00
1.412151219955222858e+00,4.815177850705845697e-01
-1.335789203183435081e+00,-1.741636932751383371e-01
-2.539763648419224307e-01,1.565309919688982365e+00
4.244935719782919614e-01,1.723731999237430035e+00
1.507561057453719933e+00,7.368538974603270342e-01
-1.188471761849507757e-02,-8.797223544697465591e-01
9.856758714030119384e-01,9.904631470086232570e-01
1.690985938413653411e+00,5.892219570672753148e-01
-1.382952755574105241e+00,-1.129318957860397044e+00
1.222837609279742832e+00,5.179320635940759532e-01
1.536414562476866141e+00,1.268882402757891617e-02
9.789749010699301257e-01,4.625746477648712829e-01
-9.057181096434341327e-01,-4.476873207319889136e-01
1.087231430393861942e+00,1.291784174192170731e+00
7.897579654122459658e-01,6.020801170960740079e-01
-1.539566021938451490e+00,-1.203105739583789635e+00
1.133840636818842507e+00,-6.672665348560482546e-01
-1.083933372835320430e+00,-5.458289705300979344e-01
-1.683764662588625782e+00,-1.166506913346722962e+00
-1.393720706633414519e-01,-1.229130448623657390e+00
4.814080597438197273e-01,-1.434038467463358835e+00
8.941712374315703427e-01,6.722130915934998452e-01
-7.422094282384619213e-01,-1.095559943976835982e+00
-4.115828167366002432e-01,6.654724800584889133e-01
8.956746865830635951e-01,8.850607841719074775e-01
-9.507490618271842164e-01,3.754131103529921298e-01
4.219730252388945724e-01,1.056636109782875588e+00
-5.087872939047275445e-01,-8.381868811706938427e-01
1.035497082434697624e+00,2.722810056024910774e-01
3.677020005053117657e-01,-7.180955324918510962e-01
1.574320328079449771e+00,1.663311805503515650e-01
-3.490756566864356980e-01,-2.022545501733672868e+00
5.774606801252109012e-01,6.594282787775733734e-01
-1.079249355561314960e+00,1.419164303171091213e+00
7.633514357794205507e-01,-5.539713956174019405e-01
-1.984591404516102386e+00,-1.807438609104267957e-01
-1.006039707625755897e+00,-3.547736846215109541e+00
-9.982035994988095462e-01,-4.425482008404796330e-01
7.953151684811218258e-01,-3.286062710312045998e-01
-7.960507007198398544e-01,9.791045675476930388e-01
-6.557941034314974660e-01,-1.293358066060863232e+00
-5.075885961693553661e-01,-5.739724798217655799e-01
-9.862600574593139990e-01,1.188064151436285520e+00
1.072003369004460804e+00,3.187042409852247626e-01
2.655913153501066049e-02,6.838650349770559744e-01
-2.597427768576834328e-01,1.589570403260423426e+00
-1.121327863907118916e-01,-5.019686133134043660e-01
-1.603174119706931799e+00,-1.608651469030950298e-01
-9.154950252747894313e-01,-2.263218249848791164e+00
1.044010735745540597e+00,5.452132774810145577e-01
3.299712237248175750e-01,1.083395458189522875e+00
-1.493685020551430931e+00,7.397497676748405748e-01
-8.648402510369811447e-01,2.222060093000240766e+00
-1.108387942722077302e+00,-3.949863712969023943e-01
1.757133179696351633e+00,2.085051454676005167e-01
-1.219501200958724718e-01,-6.043562878095004587e-01
1.269438110224589300e+00,5.375744948650124089e-01
1.378350586719744975e+00,-6.108039982296999959e-01
-2.007265780232769359e+00,-9.599942457135078877e-01
-9.207491257445590271e-01,1.461391877836543639e-02
-1.260121271793160025e+00,-1.298114683808839542e+00
1.360713417531438596e+00,8.888970531286021215e-01
1.443026461315685793e+00,-1.468329018160302146e+00
1.015691351632239670e+00,-1.559613299727194091e+00
-1.383499256954049406e+00,2.869390237012237499e+00
-9.898588348952805926e-01,-2.752103149864812970e-01
-1.303152939618742678e+00,-9.817301690941515613e-01
6.768435699382769899e-01,4.029018906392236032e-01
5.923737405388034283e-01,-2.254838849750820939e-01
-9.162805308020026684e-01,-2.823361879843944711e-01
7.976880634525966851e-01,-1.559247239990526057e-01
-1.048747228820011701e+00,2.438147802553148058e-01
-3.118313592886038377e-01,-3.291146056129601871e-01
-8.131678644181542515e-01,3.296582694506351996e-01
-1.156846028446184560e+00,-2.968902765472586580e+00
-7.528482528878415181e-01,-9.641437557820826676e-01
7.478436178437983806e-01,-3.693094772515959634e-01
5.642496629180007162e-01,3.060975885970877441e-01
-6.358503077329165087e-01,-4.561580699753400858e-01
-1.347784470076436536e+00,-1.015036940348662098e+00
-1.361308535019913446e+00,-2.468979347552066050e-01
1.739384437734537103e+00,-8.344136449397302480e-01
-1.499522813080984118e+00,1.898285696474875939e-01
1.673788478257081103e-01,-1.051680522540158647e+00
1.316427017281971423e+00,-9.113457441835653983e-01
1.056849798769126991e+00,-2.358364195274690545e+00
1.400730004919083838e+00,-8.207371586293671362e-01
-1.592578227948198810e+00,2.960957661810566521e-01
-1.290958894114885958e+00,1.415779024595939184e+00
7.736565825280712350e-01,-2.050790827331903987e+00
-1.519773160792186495e+00,1.271496038847090393e+00
-1.411523417602229102e+00,8.966646545899768783e-02
1.629460920670773083e+00,-1.304797193474510175e+00
8.834023793408363190e-02,-1.748420539037552457e+00
-1.496391603376461266e+00,1.071001307693209670e+00
9.934674119723992947e-01,6.685661833759738437e-01
-1.558554556607174568e+00,1.574127505939098004e-01
-2.004231815200661959e+00,1.752808105836909824e+00
-1.054613134342592184e+00,-5.523371023572375416e-01
3.617708904183165597e-01,1.145492398156742642e+00
9.244871214266808801e-01,-5.429314420555113596e-01
5.047024702977905841e-01,-5.038992712184476863e-01
-1.535224022261007848e+00,6.623434890624954052e-01
1.248409349243855937e+00,1.148636397290340616e+00
-1.044757414425390607e+00,1.225322748913169280e+00
7.287055374619024750e-01,1.109076368464803730e+00
1.158911535034870433e+00,-1.055887968068740662e-01
-8.795318257800677220e-01,4.305150092028606768e-01
2.884284014675603247e-01,9.507017525618783882e-01
1.070934233228101995e+00,1.017772430011779194e+00
5.470715505557249836e-01,-2.602309530063362172e-02
1.013051801858657841e+00,-7.696769958468356876e-01
6.398631399867720226e-01,-1.199435493612039272e+00
6.007500291317486862e-01,1.885068032491123979e+00
-1.326500761992276178e+00,3.016810449136184680e-01
1.350566410881574475e+00,-7.144330700896120989e-01
-9.140525962598934351e-01,-1.424990246154538731e+00
-3.320203832563988211e-01,8.498292101982273250e-01
-3.451592843444101222e-01,-1.837602350712832511e+00
-9.968316680039037703e-01,-8.646291148615972144e-01
-1.307276936900238828e+00,-4.388222507135833284e-01
-2.139789159834216470e+00,5.053917807849370725e-01
1.276017279509263691e+00,1.348373104195618732e-02
7.584237655626308028e-01,-1.135991199034711352e+00
-1.564867543714490328e+00,3.264238386449059282e-01
-3.463920232930043364e-01,2.241250764201847101e+00
3.666976061107073415e-01,2.964362893687342848e-01
1.935143638840433278e+00,-4.447340399434184244e-01
-6.282124576624610324e-01,-7.298279889692767773e-03
-4.567906848619678328e-01,3.858386827225503968e-01
3.746076235928813558e-01,-2.220494550047008853e-01
1.617797395715597109e+00,1.296825059767492183e+00
1.117276008948360655e+00,1.643037451544326455e+00
-1.515426859433465889e+00,-9.759753689893964079e-01
6.450783025668446191e-01,1.553961137318743690e-01
-1.191955822029350465e+00,5.884300686598779029e-01
1.714622464351789333e+00,-2.616929022929500026e-01
-7.114119453062422993e-01,2.547065103311502710e-01
1.271836452063718426e+00,5.867341046550386130e-01
1.296484685494165179e+00,5.512639388780355559e-02
-5.046372448939893118e-01,-4.072810942531578451e-03
8.114209073999867350e-01,-3.763081933237396592e-01
1.927574760159632916e+00,-1.393614768610031307e+00
-3.824088497705169232e-01,-3.247558867773307489e-01
1.489120497817788102e+00,9.308372006547095401e-01
9.136207025576728036e-01,-7.571212408781864411e-01
1.367344930050375940e+00,1.030508790240560524e+00
3.621532951989500093e-01,-4.209792397298584010e-01
1.275039209768101145e+00,-1.007919130448200917e+00
-1.630761151491969541e+00,1.102592966570220989e+00
-1.010661334590567284e+00,9.660291953765917650e-02
-4.840320269305919965e-01,2.550110843600147170e+00
1.135141520071127008e+00,7.400420749857645752e-01
1.670949272059643054e-01,6.965304278816034644e-01
1.280374528582040039e+00,3.660969133826335042e-01
-6.786610890140257757e-01,-3.264391075075305237e-01
-2.199553487770740112e-01,8.068454554407102908e-01
-7.295249184552323740e-01,1.081504719738738823e-01
-2.367655762216337445e-01,-8.702190705685608485e-01
-1.045895742789385130e+00,8.581881600098404395e-01
-1.059974564785416185e+00,-1.147070338096723763e+00
1.141507568659355654e+00,-5.197903284125710011e-01
-9.468339725614131064e-01,-4.958835071246751602e-01
-1.468060914632242975e+00,1.538535669242785953e-01
8.093248404081196945e-01,-3.870155426162426027e-01
-1.427915950111985133e+00,-1.959205217061824600e+00
4.088561429964527871e-01,1.195804845353899415e+00
4.420447373593860974e-02,1.287000464409554734e+00
4.594719930270341202e-02,7.627125684660837068e-01
1.075143214837435357e+00,1.927661490608817418e-01
-3.315734044533209524e-01,2.297807869970268368e-01
-1.171302761773211465e+00,1.740671362124342147e+00
-6.154319789926067097e-01,-2.326607561269377289e+00
-8.717423348202374411e-01,-8.106472410518604788e-01
-7.152451874159941880e-01,7.608432661324459056e-01
-1.647959928241385485e+00,1.847969309790787606e-01
9.251080348041512691e-01,-6.460542448409867244e-01
7.133074802046728280e-01,1.284220603921459203e+00
-3.355589638464788749e-01,2.784901102233437453e-01
-1.214992359713192194e+00,7.351886039272785556e-02
7.268348041537053827e-01,1.723115316806287822e+00
8.601007713309352098e-01,-2.759403628216191562e-01
-1.187447909068045426e+00,-1.937536696058625441e-01
4.977537273737652201e-01,4.729858498285169910e-01
7.749469375874240562e-01,8.809125341784613816e-01
9.753236343054078050e-01,2.218109879206879576e-01
1.692972387562101444e+00,-1.258421609920826745e+00
1.366222401933580244e+00,-1.144253820964263202e+00
-3.628628554354569324e-01,9.592410688989790046e-02
1.051159708275717808e+00,5.757256203887219925e-01
1.652433388014568738e+00,3.303302283723990596e-01
-1.073040865094663898e+00,3.370632713558197602e-01
1.090446597990263333e+00,5.334647650383844697e-01
-8.256758492720811526e-01,-1.560521096030041077e+00
1.184334644571042316e+00,9.889857667879026204e-01
-1.652620611470210665e+00,2.393027465934492171e-01
8.776611887037983895e-01,-9.359925042081962410e-02
1.271931181530612021e+00,-5.353720223040253634e-01
1.387742268941026813e-01,-4.500749550353559392e-01
-1.527770779522206412e+00,-9.602082478945705990e-01
-1.354647056421512730e+00,4.496414492270034424e-01
-4.868868562685555457e-01,-3.106259644231992856e-01
1.466978183448117701e+00,6.316824146538158047e-01
4.042317378645868819e-01,7.814070961870067666e-01
-3.795104837510068219e-01,-1.653467401619393984e+00
9.930965489653525990e-01,-6.243825553655465432e-01
-1.110080404266444498e+00,-6.047363809989144690e-01
-1.233291665488980726e+00,-2.013543157948977314e+00
1.076589235621918661e+00,4.079322223497582889e-01
-1.354658158010408009e+00,-4.619999401564401365e-01
1.091903146286900661e+00,4.945378248287446987e-01
7.153717636779524103e-01,5.708645923161531632e-01
-9.777189637485060869e-01,-1.456414327102442119e+00
8.628661848400543954e-01,8.105121715685208450e-01
1.121342053373671765e+00,1.199303208577005675e+00
7.797778962700993022e-01,-2.176659198463657408e+00
-1.116002147089565577e+00,-8.878103809890016684e-01
1.061526155236220736e+00,-1.555978338754538504e+00
1.185294981119005442e+00,-1.060702990638518611e-01
-2.005678728823454104e+00,1.923959350749175970e-02
-1.267631775278434736e+00,-7.223586705339632985e-01
-8.702474773728012813e-01,-9.978042655599346222e-01
-1.034264219991198441e+00,-1.988979043700268567e+00
-7.330383574006829051e-01,-1.276584848183104137e+00
5.397973441197068123e-01,-3.210290977445351412e-01
9.306030557454102459e-01,-5.960495181034543011e-01
1.063045000294281506e+00,1.016536245565917485e+00
-1.756537715380180886e+00,-1.553219590299678599e+00
1.229061259356609037e+00,-1.360198918485741870e-01
-4.973066867214646081e-01,8.066686928229711839e-02
-1.040099225886689238e+00,3.416007138120991105e-01
-1.940948459725320152e+00,9.447447014301584289e-01
6.638607401748877201e-01,-1.057062365477168031e+00
1.276261654415312918e+00,-2.060608894125552648e-02
-2.720437083652499366e-01,-5.173104562856617461e-01
2.696083361599812545e-01,-5.179017904974442255e-01
1.015939840521412840e+00,1.852045709433168597e+00
2.449600574294303890e-01,5.972037048427013550e-01
-1.319595817493945722e+00,1.362533214819784122e-01
-5.815881643418974178e-01,-1.172779356881576751e+00
-1.492837061943652177e+00,3.203517018621248602e-01
6.599681103060648368e-01,-7.776302532864733941e-01
1.241663217962096777e+00,3.939512615040564047e-01
-9.300591850194139809e-02,-1.845034862152552302e+00
-1.755209930183498690e+00,1.935680605942360355e-01
-1.683813323391596839e+00,-5.638549149949044770e-01
-4.683519668651705548e-01,1.357371313394797552e+00
1.292269402271170264e+00,4.933561295005800540e-01
1.211563391257541422e+00,-4.890969605860195912e-02
1.856198648886297597e+00,2.379788411847158502e-01
1.025933812577179749e+00,-1.363661017605466430e+00
8.869423648247057868e-01,9.452633100193123805e-02
-1.175992044923887425e+00,8.549942254805860120e-01
-7.306333963568871770e-01,6.720784876669489982e-01
4.373104420591211738e-01,-1.292242750769108328e+00
1.599783913124787738e+00,-2.649820597082656881e-02
-1.662674457010522300e+00,-1.386538874153804501e+00
8.995665627619158222e-01,6.086949775410840369e-01
1.322689495507687329e-01,-3.974157335742077857e-01
-4.413996396448793824e-03,7.857998747097413306e-01
3.163505307895292384e-01,5.660995720291648325e-01
-1.217451083787417065e+00,2.457204815893824779e-01
8.422083135868725368e-01,-6.593215995042358557e-01
1.792237884922981417e+00,3.364901938661804537e-01
-2.534801685766604695e+00,1.149139681199062429e-01
-1.748663536502082838e+00,-6.603717043712059587e-01
1.084031112491514737e+00,1.739163240448295955e+00
1.670414782861977310e+00,-2.147670706874307556e-01
-7.421703348513994936e-01,1.685243173521465243e+00
1.360885052807552675e+00,3.759210713455519298e-02
-1.814004723607119729e+00,2.868487253859028918e-01
-1.124285243433843728e+00,2.434455023940816087e-01
-1.219454601694881068e+00,-5.010737574432472252e-02
3.655679992782214782e-01,5.543772174949520570e-01
-6.326089366462571695e-01,8.317909368832665518e-01
-1.006749261211275615e+00,-4.514326093921450789e-01
1.964338334260395502e+00,1.660579941925191261e-01
-1.734887493773472400e+00,-1.037649166896479569e+00
1.540378222096012939e+00,1.366708097589820037e+00
1.037806449394590880e+00,-1.851576673987890276e+00
-6.740071225635018148e-01,5.869598102331531342e-01
1.227271611302030330e+00,1.571152988217887403e+00
-1.027122810519832452e+00,2.250338841760047282e-01
-1.906880879778004800e+00,-1.793839870485473220e+00
6.335911392710855683e-01,8.008927904243653417e-01
-1.788754598237259685e+00,-1.115441727501076841e+00
9.200994417759951194e-01,-2.149565850727984895e+00
-1.220080894737201049e+00,-3.242283639580530452e-01
3.009829235080652143e-01,1.916469660398178176e-01
6.012694101203286401e-01,-1.682534969218813403e+00
-1.519315344729913253e+00,1.863520103627044566e+00
9.114594656035353015e-01,-1.503695596836030823e+00
-1.963873884938033054e+00,-5.023700259841167304e-01
-8.726265701004454201e-01,-9.592973784586341646e-01
-1.251637715904023507e+00,1.508853610952030522e+00
-1.558967941016107694e+00,1.459395116753609445e+00
-6.866866448793064182e-01,6.830312058212979487e-01
9.272823686185253100e-01,-4.340446269416496916e-01
1.016179531221605759e+00,-2.055704958533208337e+00
1.491631740230693337e+00,-3.374012585118276730e-01
1.209929781925843884e+00,8.609165720053028048e-01
8.861643935388441307e-01,4.950075048166964198e-01
-1.700094314562173192e+00,-1.942423316684291246e+00
5.296858151145972249e-01,-1.121796426047376061e+00
4.863275098118458040e-01,9.148989642305545011e-01
8.868037140062197121e-01,3.572781924317929847e-01
1.234009761908776426e+00,1.719224597515941477e-01
2.091040566165680570e+00,5.191298067901081170e-01
1.179562286839153984e+00,-1.457689098012402873e+00
1.200917003539030192e+00,-1.078703228178318874e+00
-1.123925755484878719e+00,4.431853349500871064e-01
-1.323126184502527281e+00,1.011643740605434383e+00
-1.728336159796253657e+00,1.191396275147876826e+00
-1.708432232948656537e+00,3.083188566061270675e-01
-1.228728954374967097e+00,-1.536790110138415710e-01
8.828342918577501974e-01,-1.447064364567011430e-01
-7.291928091971071613e-01,-9.412573011975717829e-01
1.448544573674471536e+00,-1.153904171131774348e+00
9.805798341209837066e-01,-1.362638023128158293e+00
4.914399384203443910e-01,-7.489555685241365834e-01
-7.567546037225041378e-01,1.501437098064414277e+00
-1.539628161432841758e+00,-8.258369132145571001e-02
-1.170058896501428691e+00,-5.868909971946071336e-01
1.339913114358523671e+00,1.388519586146628459e-01
-9.821432962603657835e-01,-2.630146487973320304e-02
7.258379061019119005e-01,-1.044563679680746038e+00
-2.966383929523730423e-01,-3.388311240258455870e-01
1.125846448115728649e+00,-1.496576186502733607e+00
7.781983230777491656e-01,1.044191799606671855e-01
-8.836561428690321573e-01,-1.034326999684475279e+00
-2.804247480385348990e-01,-3.095674048855953098e-01
-1.505721940892185806e+00,4.432919820355688545e-01
1.365211196200426746e+00,1.155813533162220352e+00
1.491094406809444051e+00,9.174022088832086697e-01
9.282955193651004633e-01,7.382869162164017451e-01
-1.467488615400550644e-01,-2.222371073965229371e+00
-1.044059397292417923e+00,-1.318528991387244442e+00
1.740532196635003359e+00,1.732663644373088341e-01
1.361005654463718351e+00,6.386492859938718292e-01
-1.223209460342427057e+00,2.447456098419899528e-01
1.059099949765696325e+00,-1.816230406445140888e+00
-3.421740693507034914e-01,-1.526113125712675211e+00
1.359463032501985635e+00,1.396146542969463888e-01
-7.607890733990627652e-01,-2.373496057324361030e-01
-1.400893844848941860e+00,2.588336416168185661e+00
-7.562808804816872899e-01,1.880465518179500473e+00
-1.095456175926283526e+00,2.043550223178554504e+00
5.856079341640353375e-01,-5.845145057558668311e-01
1.175210409394262134e+00,8.454395699264823094e-02
-1.134743352365946256e+00,-7.739719140738318126e-01
-7.005496802804782597e-01,1.799093528025664135e+00
-6.412180902029021023e-01,-3.766407846560469452e-01
8.374480376410591287e-01,-6.092336717664203517e-03
2.064532266719727893e+00,-5.992087877107365318e-02
1.835006640552686807e+00,-1.660615377648583246e-01
-9.496182262932804097e-01,-1.066792133790358310e+00
-1.339327353261582809e+00,-1.331662290779363600e+00
-1.228003408845060207e+00,7.580585708884954310e-02
1.108372780261155377e+00,5.545631482786086419e-01
3.441233817025013408e-02,2.206638644863616883e-01
-7.794870589712207254e-01,1.800415550934775011e+00
1.244983943322910402e+00,-1.281816317412616035e+00
-1.645552869387630679e+00,-9.230669933765632829e-01
-1.495726614436712065e+00,1.044740145779201601e-01
1.320578866035734933e+00,3.733184068647213971e-01
-6.333826731876177618e-01,4.804917648415248932e-01
-1.105206240484249536e+00,-7.451452940298721739e-01
5.704122155068753752e-01,1.091508078953778105e+00
-9.506968476005054347e-01,-3.228939514626974483e-02
1.731921638379839257e+00,-2.079777394553045111e-02
1.451954643792802147e+00,6.111263206737465037e-01
9.986372075046269225e-01,-5.508014928384047382e-01
8.987563590313862871e-01,-2.467578947803971967e-01
-1.249330347667949592e+00,4.331694657107366675e-01
-7.291266772994577927e-01,-1.945981643686815810e+00
1.176995251544004306e+00,2.717305747157108264e+00
7.041231720498839497e-01,1.196647266449078595e+00
9.205975825451778727e-01,2.859727185411777839e-01
-1.041874960406520723e+00,-6.531851420365498984e-02
-5.886451997239867673e-01,-1.607025743384953020e-01
-7.915949654761863519e-01,-1.123179690213611526e+00
1.362725759449253449e+00,-1.323807090786036866e+00
-1.771744684935765202e+00,2.843066370166348555e+00
-8.655109742193516364e-01,-7.289989439190815990e-01
-1.673929691239143036e+00,5.840056320624310571e-01
6.982216993972066854e-01,-1.832249606965712929e-01
-1.783717895679555632e+00,-1.689769321135820457e+00
6.311401757352684827e-01,-1.479921722768092751e+00
1.056284005335065279e+00,-4.874932617136622515e-01
1.593751670183773950e+00,-2.721033361410643447e+00
-9.006505330435647938e-01,-1.334424894218015911e+00
9.371373696688664046e-01,-2.517491013622470408e-01
-1.151162722284307716e+00,6.292565560715823736e-01
-1.016078137884076416e+00,2.657352477804451607e-01
1.149076523422276841e+00,1.145190698152485087e+00
-1.319118654141046232e+00,-5.748263262950985553e-01
9.185285948689254631e-01,3.439905665850896410e-01
-1.261521582255570095e+00,-1.747338614074725183e-01
1.369674876847289058e+00,8.135916642931950715e-02
1.147055637673140227e+00,-1.191989260110526638e+00
1.058609896442988418e+00,9.661461629874082968e-01
-2.129221961548386055e+00,-3.363216611026698111e-01
1.304041600249111532e+00,6.467024267476415567e-01
9.890630471994587003e-01,1.119383473290253672e+00
-1.526661906693208781e+00,1.179095094140073074e+00
-7.755796540469352962e-01,1.266298309454370052e+00
1.227077135803213093e+00,5.287334421114882055e-01
1.154117075003883608e+00,6.185174979796711492e-01
-1.199254122259713062e+00,-1.537561695316675747e+00
1.295150768736612390e+00,-8.789387295193194782e-02
-6.743340656675060885e-01,1.478103452392218520e+00
-4.467759812837323041e-01,-1.262017277970582718e+00
-9.218633448163605637e-01,-1.796551975819084546e-01
-1.549038873176811659e+00,1.102456569922970697e+00
-1.568645491196350328e+00,6.474062169101605368e-01
5.914574886823595889e-01,-5.609322072588459607e-01
1.928754622237657923e+00,-2.760351205255550777e+00
2.062608151358515940e-01,2.534021334382002610e+00
1.297649793500833093e+00,-2.558998225572143292e-01
-1.136314741724539168e+00,-2.420582823068188338e-01
-1.157960413948812883e+00,-9.106169280183744608e-01
1.255605445588980684e+00,5.305048510570061771e-01
-1.076289283139396646e+00,-1.205273790041196280e+00
1.578866230245104862e+00,1.817077311911458048e+00
1.871766978378672786e+00,2.941338482490935546e-01
-1.717637696839247718e+00,6.745479320158688230e-01
1.037215586517608479e+00,-1.040365708314647586e+00
1.265723758280404621e+00,-1.171796349187054664e+00
1.628034415403146085e+00,-8.324877395480080322e-01
1.220765376295909199e+00,3.563927442775384202e-01
-1.903861991583292834e+00,-4.510397474297606069e-01
-9.163460912408873948e-01,2.466121569460883178e-01
4.951162585136437144e-02,-5.208940544160813868e-01
3.992304615132666878e-01,-5.735042412284147018e-01
8.098554564047721893e-01,1.061891198786749646e+00
5.539660360201206224e-01,-2.592181527050846923e-01
1.324624645362046715e+00,-2.403163094377842590e+00
-9.473148724255612274e-01,9.633330213202562220e-01
1.571736355610571678e+00,-1.005926199806794097e+00
-1.624428909608860438e-01,-3.799810022877102011e-01
-7.270011466348644813e-01,-1.116309248327977066e+00
1.817367806437817368e-01,9.672597794083523937e-01
8.479171453287264182e-01,-6.558087127223750645e-01
8.906244069987103718e-01,-7.196846454927902093e-01
-9.392695534235032673e-01,1.303816746609181842e-01
1.541987274066126457e+00,-2.763691941263590190e-01
7.310915089563690961e-01,-5.406052891387431725e-01
1.179017389151574502e+00,1.931187424824198362e-01
-2.239709999368120208e-01,-9.636182720318263728e-01
6.398539157023828139e-01,3.827477378421194620e-01
1.350535215165287850e+00,-2.689020132289011711e-01
4.934661502752123452e-01,-5.010208830364277777e-01
-1.263718103011666205e+00,-8.990824599773857839e-01
1.186669880503538277e+00,1.211889519887248412e-01
-1.084141173522635837e-01,-1.064142399378399606e+00
1.412820432492240652e+00,-2.855161049777255600e-01
-1.783844434923748112e-01,1.676380454917279383e+00
1.682617969649146339e+00,-1.305404383836352045e+00
3.112081551659626744e-01,-1.602550049323671344e-01
4.299959513520722476e-01,4.809330392520481667e-01
-4.278678651437900493e-01,-1.029433689759193138e+00
-1.033782095073559448e+00,-3.119948607030966770e-01
9.851113828831505881e-01,5.718789615335163612e-01
1.411248826844148319e+00,7.806308223869576901e-01
2.089654547618809310e+00,2.194046193374716291e-01
2.159169863095913300e-01,7.889662986598388050e-01
6.102810303026777738e-01,5.669947555949831353e-01
-1.072992541908191377e+00,-6.109220456384562709e-02
-7.725048763561997989e-01,1.361924926982547523e+00
-4.278973920510320550e-01,-2.727966398563501649e-01
-1.010450612435258577e+00,-1.820122508344384160e+00
-9.237036097454897066e-01,5.858063562965236670e-01
1.156461422708223719e+00,-9.896436465252884673e-01
-1.407186503749191075e+00,-1.229323150483276894e+00
-1.078487092258622715e+00,-5.463137787354582775e-01
1.132767725586460106e+00,1.059699144116857727e+00
-1.479881006962068257e-01,2.161855629466568618e-01
1.034427503374208079e+00,2.533497248166418081e-01
-5.041468076635829965e-01,9.913870603606788068e-01
-2.739433020149873999e-01,-1.460882476306885058e-01
-1.250631040620795220e+00,-2.013765160611833860e+00
-1.271945532300117865e+00,7.863738922103438167e-01
1.339654342917972807e+00,4.762864203430395293e-01
7.899667313652656286e-01,-3.665862769154066836e-01
-1.305135697840302589e+00,-2.985491613389670729e+00
1.929193488023582814e+00,7.364911688765065634e-01
9.895622119929863292e-01,2.064985548650664526e+00
4.789063928061818576e-01,-2.836960448108856170e-01
3.091185296213720957e-01,-4.576736388182238713e-01
1.518691133504751267e+00,4.228404189043579731e-01
1.716391131965217864e+00,1.486574064145732565e+00
-6.534321526010140602e-01,8.904043055696558850e-01
-5.019868089288839208e-01,1.540396839258775685e+00
1.437839802195497008e+00,-1.534550252661652792e+00
5.088032958993271571e-01,-3.251560638939007819e-01
4.642426621210122839e-01,6.392335570782997634e-01
-6.959491120166585443e-01,-2.548641884716232875e-01
-7.778614798427303523e-01,6.082125929504923478e-01
8.955496691590082436e-01,4.929875885267012703e-01
-1.829539063350502648e+00,2.066211420607325655e-01
5.423763339353357971e-01,-2.123225818659315589e+00
-6.847365521336832295e-01,1.083583531800884181e+00
-1.079127768088449235e+00,-1.841160541518378768e-01
-1.660469061790617262e+00,-4.821588901229205415e-02
4.747786599291070608e-02,-8.337544273892763536e-02
-2.814432121226529970e-01,-1.297218273337613414e+00
1.356993912891522047e-01,8.740804043902848930e-01
-1.389797773666813674e+00,-1.878404440546656284e-02
-6.845448109157180605e-01,2.726202659149243868e-01
-1.307535254919038881e+00,-4.021161015989795362e-01
8.105153133972829993e-01,-2.460656188297016544e-01
6.464255772327516247e-01,1.251994473712513933e+00
9.183643613643809323e-01,1.147735584065228798e+00
-6.129391687092333729e-01,-6.198909808015850009e-01
-1.013342275839960838e+00,-1.734284135137869942e+00
8.421467410992388158e-01,1.114068791703142658e+00
-1.427442592018597356e+00,5.500293898192635256e-01
-1.818728385327555985e+00,-8.932706538882545511e-01
2.115792738732878986e-01,2.093795343833669553e-02
1.104116324157401685e+00,-5.004494671680768114e-01
-7.158579024687908854e-01,-4.116483554661819894e-02
-9.819788083883129737e-01,2.278907614858818528e-02
2.959341881715181755e-01,-6.086020766642987745e-01
6.478983916267286869e-01,1.473421733071619499e+00
9.753019448664956847e-01,-5.971352992259897352e-01
9.110929541523752340e-01,6.468088685302836316e-01
7.620567148238173161e-01,-5.745153724093942094e-01
-1.834604869330548116e+00,-1.635465478152970276e+00
-1.456142347743565324e+00,2.184111427190795762e+00
-5.047953797395478004e-01,2.770474715705421254e+00
-1.137968982322753009e+00,9.844639564584194424e-01
1.034469387331039769e+00,2.144003132154664648e+00
6.586549359126130376e-01,-2.522103270356291560e+00
-6.623139723043146576e-01,5.216585203036420149e-01
1.508574212648537971e+00,-6.859462895279049288e-01
-1.212077914700532277e+00,-5.291621058366871022e-01
5.667916156506324077e-01,-7.701855537262771723e-01
-1.348272297883483350e+00,-3.124683747531157851e-01
-8.596314784270951970e-01,6.529019554716429807e-01
1.075718357943087788e+00,-2.218357484034604532e+00
-1.330886007218527567e+00,-7.067836919511522042e-01
7.536492384052879689e-01,-9.182961013710461140e-01
1.252164220944811834e+00,1.250856759042768163e+00
-8.815906815730117918e-01,3.344496497745356733e-01
-6.924867769459568390e-01,2.605711583813965504e-01
-5.154410679911239912e-01,4.189490985473876550e-01
-8.841241857908760382e-01,-7.231135617869655086e-01
1.321805276158128484e+00,1.533295318587752643e-01
-9.308051891733524208e-01,-1.894797367688821010e+00
6.932921885583059884e-01,-1.717965661366532171e+00
-2.895768851558837564e-01,1.164617363945391393e+00
-1.822977879212885011e+00,-1.214934855212756459e-01
-2.951730761421328397e-01,1.650453394955720077e+00
-1.654964574864570270e-02,-6.083299236553580958e-01
-6.298084585749192943e-01,2.159716284534574093e+00
-2.172028713799912580e+00,-8.134017898938152857e-01
6.329347019347910663e-01,-7.878791842007178969e-01
9.108441677681686777e-01,-1.105378292738092849e+00
-1.520036856471123965e+00,-1.888844773691328527e+00
2.683279292904068303e-01,1.344874210037308171e-01
-8.502593099580189051e-01,3.568989068633586226e-01
-8.840808770053028010e-01,-4.344870282140898543e-01
-1.949005298795987162e+00,-2.134106044691169490e+00
-1.424007959057436823e+00,5.845937046006602911e-01
-1.240877071930494457e+00,-1.522275549981102927e+00
-1.452061430894258098e+00,7.083534930450903211e-01
-1.066992246974910907e+00,1.121349116200901497e+00
5.902174619111435483e-01,5.262158126122390422e-01
-8.638733013795665272e-01,-4.039320860684051523e-02
1.340742129977466224e+00,-5.936269771934761519e-02
1.463223002639709280e+00,6.818419966079950489e-01
-4.614170210978707498e-01,-1.111988706546186839e-01
-9.195933320493814289e-01,2.622178971853676432e-01
6.244444707861007693e-01,2.257726512109739514e-01
-1.472889318252373680e+00,-5.403038420576503631e-01
-1.875522473671861867e+00,5.482948080303543525e-01
1.061453925980538671e+00,1.045935231859436376e+00
1.042671999768038704e+00,2.541389288786216616e-01
1.002475304082948604e+00,1.063662937820488708e+00
1.107047057097467091e+00,-5.487821790017562984e-01
8.375636070413801093e-01,1.797794209095827433e+00
-3.617331646884097696e-01,1.543832741139877784e-01
-1.841701510023116217e+00,1.023208681409358167e+00
7.900505200876691836e-01,7.308452354524573868e-01
9.600692034134983288e-01,3.452756699507412708e-01
1.404798828765671193e+00,2.541804332707518765e-02
-1.663870014635083106e+00,1.022930415157164097e+00
-4.258103037804283897e-02,-5.421591682849592475e-01
1.465711693612449462e+00,3.357603791517852487e-01
4.469837061554465807e-01,7.217598463345979987e-01
-1.454058110296646333e+00,1.041429499229908073e-01
-1.447775999527644686e+00,-1.272043551402915751e-01
-5.408516200917736771e-01,-2.015463027732118828e+00
8.858979690061666856e-01,1.111061196889751468e+00
-9.916733788628097068e-01,1.543158120101127517e+00
4.659910415766175262e-01,-5.294754801122332211e-01
8.159374832445374093e-01,-1.281948999427873881e+00
-2.290090509774089345e+00,-1.145212200662685392e-01
-6.402445793772812976e-01,1.275996692160412394e-01
-1.207113607637446240e+00,-2.516848887160285167e-02
-6.469163176566561368e-01,-2.718332561301448180e+00
9.687866364717525602e-01,6.058766522176343150e-01
1.045747922830201571e+00,4.450291142658330257e-01
8.140950431548580335e-01,-8.287043737279536915e-01
-1.665361331909166021e+00,1.036524234561722047e+00
1.104747829396266923e+00,6.536625942457059413e-01
1.656244100657686236e+00,5.392912845370042563e-01
1.201708157507349606e-01,6.540420871849037532e-01
-1.831450714621061682e+00,-1.598691358125858608e+00
8.048347964173045987e-01,-2.685632704305147556e-01
8.776256004237817931e-01,8.319259781598821180e-01
-9.018087477668772500e-01,-1.954560598562222307e+00
9.332550101547544275e-01,-1.142472395589043233e+00
1.627759450215837678e+00,1.623429272740376517e+00
1.084864933261981967e+00,-1.667056189858303616e+00
9.006260562361461108e-01,1.283603943619868737e+00
-1.550121958223762864e+00,-7.297358555342345898e-01
-1.769570174968258414e+00,-7.759415764494665968e-01
9.339953836103744855e-01,5.049836293254413855e-01
-1.805754948584881170e+00,-5.838635680390115157e-01
-1.989997679983956491e+00,-1.232693096507698760e+00
-2.983880337760158596e-01,3.980075949018392900e-01
-6.874462856565453084e-01,-1.292983099446639583e+00
1.328811850234930869e+00,9.707125509111140804e-01
5.852786324397178941e-01,-1.158403604515217955e+00
-2.438992462249609527e-01,5.045778796041628933e-01
-1.237315496957203997e+00,-4.459660363491941837e-01
-1.701669917012507582e+00,1.583020574227577804e+00
-1.022171265564764786e+00,9.373639846188041025e-01
1.577384184417385926e+00,1.652987648169121915e+00
-1.670320835122668601e+00,-3.047240243010807537e-01
5.355136892753142863e-01,6.929909270234581031e-01
1.512940320311177089e+00,2.102406415023614361e+00
1.299980609572277457e+00,1.620690615481572783e+00
8.316872587109643833e-01,-2.195273876063592866e-01
9.925324114673018672e-01,-3.222345978924256310e-02
-1.055925318143194014e+00,-1.474510809892510599e+00
1.017273624419433808e+00,-4.044450400811530622e-02
1.434047898557933687e+00,-1.570946328944140991e+00
1.366180011845142594e+00,-1.287872113522608331e+00
-1.606698115670559979e+00,5.506843855613683392e-01
1.388795819669361276e+00,1.605023862351796726e+00
1.361986812706240668e+00,-1.043763941434268983e+00
-7.545561840173065082e-02,-6.125062381085609742e-01
9.112175948471902265e-01,8.172510466512089566e-01
3.299320790141353488e-01,-7.327363820149597196e-01
-7.774803963807206397e-01,8.034507666497414657e-01
1.252145780603953540e+00,1.096229371473863567e-01
6.480059189427647137e-01,-9.313785522085391566e-01
1.336032750836922300e+00,3.444048312062390586e-03
-1.363682957019161757e+00,-3.792028400514032005e-01
1.439229899841168780e+00,-7.093708574291547331e-01
-1.319337148058948639e+00,6.397637667364736158e-01
7.823075448837490953e-01,2.408047395281223968e-01
1.396473953014871094e+00,-1.169151357595569873e+00
1.369337869430753418e+00,-4.534092595742139076e-01
-1.479050523252928739e+00,-3.745233553546432059e-01
7.662295042010925927e-01,1.913646389675905390e-01
1.391935080445796391e+00,1.378336735011264080e-01
-5.716072249610579803e-01,-7.923799544393875793e-01
7.632456246782093334e-01,-4.115991755052220147e-02
1.729650905597375443e+00,1.024542612567990396e+00
-3.234586480999551705e-01,-4.475610315036983033e-01
1.393142139091583243e+00,-2.080630804697857439e+00
-2.877863533947129238e-01,-8.985838490089774755e-01
-1.221496214194319752e+00,3.219642564599345946e-01
-1.315189073915779217e+00,-8.066413976280820686e-01
4.082804914706205102e-01,1.705433927180086240e+00
-7.821688105521918954e-01,-9.317743518164951499e-01
-1.284211531342961621e+00,1.437228339412100153e+00
-5.594615908001439042e-01,7.768515305547155636e-01
1.126460979795772754e+00,1.066238942227861530e+00
-1.436013945929612179e+00,-8.559840185447843419e-01
-1.087311413294335116e+00,-1.884236953900937594e+00
2.238044624921874615e+00,-1.932857481085884732e+00
-1.663900887609483181e+00,1.594389707221836261e+00
-4.080812964371409723e-01,-1.886724322776396900e-01
1.473634073484687557e+00,-1.016945807924079181e+00
-9.741745517153747036e-01,-1.582340152195200744e+00
-1.156894479890040239e+00,1.226824688517960560e+00
-7.257777454926708227e-01,-9.507804539892935614e-01
-2.044072726706520626e-01,5.029839341011382858e-01
-1.661634929643617031e+00,5.143170607803857486e-01
-9.226979262764591905e-01,-1.548121236806153878e+00
9.103887760603688317e-01,2.760528699198556146e-01
1.014807814296327715e+00,1.322900477661373697e-01
-2.151151925798654663e+00,2.057672662207352954e-01
7.413531001376902907e-01,6.842393734201402955e-01
8.132429708231933008e-01,7.124249265818848320e-01
-1.497281949678015867e+00,1.895608926938273431e+00
1.288854701526298330e+00,-9.620824841014807838e-01
-1.055586058299024410e+00,-1.349895385233427225e+00
-4.602970596474367238e-01,-5.222429080012567226e-01
1.095406034537442341e+00,1.495821229374405759e+00
-2.211507351473751104e+00,3.571592561073739236e-01
1.415866196097097518e+00,-1.872287270345834198e+00
-9.258513346066221672e-02,-2.506572593614210809e-01
-1.229966371668067548e+00,7.413395284521674400e-01
7.461959038682518530e-01,7.152115979669819712e-01
-1.205102099309439900e+00,8.443030679063711075e-01
-4.078576531654461990e-01,-1.123222063754227618e+00
-4.261802790470994307e-01,1.317830268866592380e+00
-3.813419214388709122e-01,-1.772269601662604721e+00
-9.116579649500884397e-01,2.752510706694062392e+00
9.069504238012304764e-02,-1.857365578132816442e+00
2.013258171158236465e+00,-4.095905224791316912e-01
-1.586570760489185439e+00,-7.990371006121174124e-01
1.328036310026514677e+00,1.372431302089124783e+00
-4.296041333179883015e-01,-2.676435841053988463e-01
1.637153677119635553e+00,-2.639761098327728095e-02
6.240110030221530657e-01,-7.708848932288806521e-01
1.140032737441898147e+00,4.197633615123560341e-02
9.304777792371851097e-01,-1.414142344057638390e-01
9.074694923324924112e-01,-1.697680218581478107e+00
3.854570982381703148e-01,1.331691910981332772e+00
1.288548158288364665e+00,-2.979775381063477502e-01
-6.009700980669403503e-01,1.399693859141998731e+00
9.394068026943446226e-01,9.974988096578087104e-02
-1.982997502228274200e+00,-8.262908648290684388e-01
-8.256100083183428584e-01,4.964990277650598860e-01
8.497028564718210886e-01,1.479015743190721377e+00
4.558889257209555179e-01,-4.894351907194535167e-01
-1.583296198480636630e+00,-4.125029049277822990e-01
-6.513514660613382024e-01,5.749066809913062626e-01
-1.991019484982126997e+00,1.101837341739234200e+00
-1.526748009043531917e+00,1.203971542435390951e+00
1.215057838142483693e+00,1.487851884713409789e-01
5.968763200201254726e-02,-8.410494720621218834e-01
1.262836372162801757e+00,-4.888137552691623755e-01
9.376564654621108996e-01,-1.705842137542148640e+00
-5.179943895706771162e-01,1.537148233922962237e-02
9.267938740930821151e-01,1.204132360305457006e+00
-3.381460206306109439e-01,1.082781816852780965e+00
1.256061339425259327e+00,1.328674223845290436e+00
-1.003742554126324737e+00,-1.906330882144456673e+00
-1.591431248289040479e+00,9.362249100348332131e-01
-1.123638242954148048e+00,9.478053801771015863e-01
-1.109445926645798552e+00,3.271383255178245131e-01
9.794016669844074485e-02,1.513403658116022621e-01
8.079457301333108354e-01,-4.743284590437268911e-01
-1.104873237800063412e+00,-1.817411017882761826e-01
2.678728796374900689e-01,4.670553029989292781e-01
-1.098676958560782957e+00,9.005625089472680811e-01
-1.394314056305179905e+00,-9.116326186971913659e-01
-2.037348152646889510e+00,1.689623424864310053e+00
1.619856919045236321e+00,-1.337187688992831136e+00
1.246320448789352442e+00,-6.917243129163507254e-01
-6.634675084787564625e-01,3.240036994462886621e+00
-9.136470360384826295e-01,-8.446098063221540997e-01
-1.063156007664080693e+00,5.271588832711278094e-01
4.735835357284646774e-01,1.109897633340223733e+00
-1.037582752534697228e+00,1.162708594636444603e+00
7.266363664786662513e-01,9.678639420782548797e-01
1.258617457162362729e+00,-2.634135148055533615e-01
1.116326334447027335e+00,-4.982753817452968415e-01
1.034229174368673787e+00,-1.399044182718389928e+00
-6.413503545416645579e-01,-8.036697571897814807e-02
1.327594573491321484e+00,-2.325650653017396152e+00
7.808983900996286920e-01,-1.162418027520089048e+00
1.671971850580567853e+00,-9.263997799996366578e-02
-1.233513942007226971e+00,1.516093165537933274e+00
-7.355146135956869280e-01,7.021076572301462315e-01
-6.305042613110332095e-01,2.341364581897886488e-01
8.295859089985697654e-01,3.359114631715239829e-01
1.082519414868785113e+00,-1.413504494916025367e+00
1.048736137759092468e+00,3.338462658378006931e-01
-1.145385742743994184e+00,-6.329653816486284779e-01
1.488878143542668120e+00,-1.074060345637359637e+00
-1.255374158196356005e+00,9.674224617360103196e-01
1.109191464948499961e+00,-9.103346915905592418e-01
6.767347103323706481e-01,-4.656834586029126588e-01
5.931268705879938485e-01,-6.253287720915720049e-01
1.166786912234866858e+00,-2.364485380171794660e+00
4.109881265867970646e-01,6.811323882575339717e-01
4.378672633286795346e-01,-3.241441353204160269e-01
-1.160375263859734440e+00,3.019081463328909809e-01
1.606137217000630057e+00,2.237039117201495009e-01
1.075820211385192460e+00,-7.728068338406444138e-01
1.341423280526025330e+00,3.070632948816079955e-01
-8.983612381161520943e-01,4.283338314066311714e-01
-1.434839855017204346e+00,4.567134830648035826e-01
-2.203145076825362203e+00,1.848745921510892010e-01
-7.579614411813428987e-01,-1.790376843077904068e-01
-1.256043400248996189e+00,1.205930490902077601e+00
-7.155400671121949774e-01,2.353516138052183168e-02
-5.462574087926179711e-01,2.706702138383926606e-02
-1.955540468484473937e+00,8.869673949400260771e-01
-1.843457941239906583e+00,9.464631042671584060e-01
5.714853959376740011e-01,1.401112161000233058e+00
-1.737652515014599608e+00,-1.934433039154640765e-01
1.025195698400285904e+00,-2.332751536819924532e+00
-6.302330587985389698e-01,-1.446942963927322578e+00
-6.763046231773439665e-01,9.172156225374827887e-01
-1.081157548502360344e+00,-9.729532972630180465e-01
1.304189186022947755e+00,5.937925301650025245e-02
-1.451293625292267908e+00,-4.318130635279341933e-01
1.231037152438576143e+00,-1.060348298856276905e+00
4.859036138170669261e-01,-8.433511556460938641e-01
-1.978229918575633128e+00,-5.534486231176708460e-01
1.343386777095449958e+00,-4.319303404971541194e-01
-6.501216291232736477e-01,1.446632562421600321e+00
1.174631434977011502e+00,-1.518961478072432536e+00
1.804320987573406754e+00,-2.349512322313135337e-01
-4.824481266595814777e-01,-6.471238883604791825e-01
-1.411187736696127182e+00,-1.642579203126470766e-01
-9.136168848936916387e-01,-1.204622210782988340e-01
5.230450554409402653e-01,-4.752417212826766657e-01
-3.778124943793024215e-01,2.381031314226628864e-02
-7.277525324637785786e-01,4.225724689174761850e-02
-1.654561291885816576e-01,1.882689983415817059e+00
-1.589127023589647081e-01,1.221590813603610215e-01
-8.172690105237748748e-01,-3.080774651184812751e-01
8.505169846308249237e-01,6.237406832825893865e-02
1.527553330157891853e+00,6.321669394403577336e-01
-9.146357061839653912e-01,-9.037160285239966839e-01
1.077603210065029460e+00,-2.477238110766584178e-01
7.689961933585989229e-01,1.018310162290057885e+00
1.082228327864719564e+00,5.738211210350671054e-01
4.986855992632831525e-01,1.685227450114421988e+00
1.039587343753505699e+00,9.203171626340820310e-01
1.173757334085200554e+00,-1.316241833856340859e+00
1.074814184973402975e+00,-1.215202692249528482e-01
-3.452567784719540178e-02,4.650641953321055233e-01
2.832466105307298587e-01,-1.556079842207641617e+00
1.718699902794548873e+00,-1.266093418069610843e+00
8.637598356989280024e-01,1.179535416956395633e+00
-1.216316792282589931e+00,-8.675345926046920120e-01
-6.090322998396801024e-01,2.450218414690741031e-01
1.072895552630882987e+00,9.557726559520671739e-01
8.623532914793876625e-01,-7.694795538101842913e-01
1.913447659281708901e+00,3.376671644714648868e-01
-9.334035400568453378e-01,4.156517791474192980e-01
1.379765547355411570e-01,1.180637621183441066e+00
8.324492854818047460e-01,1.317660882744283724e+00
-4.761358748123842854e-01,6.721396628117480843e-01
-8.375959955821746794e-01,2.051015305614050377e-01
1.575839245005813627e+00,-1.833037945580066497e+00
-1.347380960875749212e+00,-2.901908478687738047e-01
-6.808259634388817982e-01,-6.684699642900649996e-01
-1.125575353757501507e+00,-6.888358598486681306e-01
8.948126956762694206e-01,1.572076790677002567e+00
-1.170328748801339414e+00,5.116943208454933778e-01
-1.188255457315883223e+00,-2.293308402003345070e-01
-1.252612848365341147e+00,6.616307703736596935e-01
-1.171486541702098538e+00,3.096412279698408931e-01
1.378647119571350999e+00,-1.205183766298269621e+00
5.052586491259218882e-01,-6.636242121239659397e-01
1.231119901669804229e+00,1.045175351957830623e+00
-9.380805007223824710e-01,1.343015985172985871e-01
-6.896169648861626422e-01,1.120672042167178528e+00
1.563579197348953231e+00,4.990652597373906874e-01
-1.433599658642094266e+00,-5.862871456998817177e-01
-1.321071675794101008e-01,-1.608340310630883785e+00
-1.656264818416024021e+00,7.180436829379736041e-01
9.856352087846164123e-01,-2.226124326815912685e-02
-8.615845664133484627e-01,-6.623755293144396594e-01
-8.999603350779388222e-01,1.557155678801458221e+00
1.270215190565409547e+00,-3.543224263604042856e-01
-1.210163251651645622e+00,-9.993279770204566148e-01
-9.413851703306580498e-01,1.879133776519778254e-01
1.332500218689354199e-01,-1.359424980504210900e+00
1.577989278219716018e+00,2.232415829224570381e+00
-8.890636460772458616e-01,1.967405951209077131e+00
1.003180085604108873e+00,4.664308038083975205e-01
-6.809512532434958132e-02,-1.575067701041117152e+00
3.389705340103310593e-01,-4.056411688233657609e-01
-9.079918083974676257e-01,1.398812417790949336e+00
-1.075115264394248538e+00,1.333227963180149800e+00
-1.066681843401793728e+00,1.459532385017281886e+00
1.108504502697812644e+00,2.985827470688634744e+00
-3.437383711318062751e-01,-3.315055205861272003e-01
-1.996022372132697509e-01,8.974873377035654798e-01
9.010253017890046401e-01,-6.323012955660927137e-01
1.437953401047112001e+00,-1.838002416610467371e+00
1.810898482052678560e-01,-2.032985112616280787e+00
-2.902817686388361462e-01,2.201552746834195773e+00
-7.555840750666437122e-01,-2.766469872587036805e-01
-2.353808037888800442e-01,2.217690776435446320e+00
1.007126224641850643e+00,1.650538505011232226e+00
7.781334447536647492e-01,4.156947486872915321e-02
1.107928764963373114e+00,-8.506535181007419955e-02
-9.280866999636165904e-01,8.651899199472272706e-01
1.055856415012127014e+00,-8.181793560864604464e-02
-7.478699457267599104e-01,-1.281647798141233530e+00
-1.794766660780911183e+00,-7.877657696633331152e-01
-1.758232956392796087e+00,-7.059329325757833784e-01
-1.247236911772595658e+00,1.235091633705450942e+00
-7.809370274852656113e-01,4.363875770481436822e-01
1.121398523739063124e+00,-5.922895733574620181e-01
-6.683985109269272584e-01,-9.349620841043660979e-01
1.185733330406162134e+00,1.316778265343147680e+00
-7.582775438992030992e-01,-3.078492206472049353e-01
-5.564494589011148573e-02,-7.939811549915766486e-02
9.010325930851454945e-01,1.532714682405649675e+00
9.776783551295058494e-01,2.829771857983099381e-01
-4.218409516988042007e-01,-5.948486321172975488e-01
7.175356537745694041e-01,-1.048110867266055513e+00
-1.390629495324399834e+00,-3.325833026832027833e-02
1.807332678843060592e+00,2.473708234795346961e+00
1.224705822224998020e+00,-7.701666173710324248e-01
-1.934504870726780679e+00,-1.403731030335663155e+00
1.776448754991093892e+00,7.704841234627937130e-01
1.659771373037150832e+00,2.366244988594579990e+00
-1.243113479563994206e+00,-1.206754416869358026e+00
-1.029512386903805421e+00,1.634786195347585736e+00
1.245150556941853059e+00,1.396477673562982469e-01
-1.102556367692649530e+00,1.255845761211906719e+00
1.583222288746459538e+00,-1.210013692388555828e+00
-1.446625782647211089e+00,-6.387886926707372348e-01
1.165656147318841596e+00,2.271886808074486119e-01
9.670546622057168973e-01,8.602163084390382908e-01
-8.763320910979238709e-01,4.897360670240581415e-01
-1.403035207751708979e+00,5.285712738953046719e-01
-9.659707484125565902e-01,-3.295749822525322892e-01
9.796682618178298441e-01,-2.375203762807158170e-01
1.244226585266881902e+00,-6.843236737150393267e-01
6.263977739553512336e-01,8.001062219541117404e-01
-7.202021348304316062e-01,-9.098979688841741797e-01
-1.272388216861133126e+00,5.095563390137816118e-01
1.325410498916847146e+00,-4.538180798422341566e-01
5.152633403238976451e-01,-7.668951765004380361e-01
1.501307981763198018e+00,8.246908169635583929e-01
-1.267696650102951850e+00,-1.544621783958036176e-01
7.914173730693910835e-01,-1.382624210205460225e+00
9.666513833027136071e-01,1.076741692716071563e+00
1.013980265674241599e+00,7.599726201322616337e-01
